"subject","age","age_group","sex","height_cm","mass_kg","bmi","foot_cm","nationality","illness","disability","falls_12m","fes_total","fear_falling","activity","tmt_a_s","tmt_b_s","minibest"
1,33,"Young","F",157.5,54.2,21.8,21.8,"Brazil","Yes","No",0,7,"Low","High",14.06,19.69,25
2,27.6,"Young","F",154,44,18.6,22.45,"Brazil","No","No",0,8,"Low","Moderate",12.72,16.69,25
3,36.9,"Young","M",161.7,63.4,24.2,23.1,"Brazil","No","No",0,7,"Low","Moderate",28.94,50.84,27
4,61.8,"Old","M",164,68.35,25.4,24.7,"Brazil","No","No",1,9,"Moderate","High",46.87,300,26
5,18.3,"Young","F",162,56.45,21.5,NA,"Brazil","Yes","No",0,7,"Low","High",30.38,61.57,27
6,49.3,"Young","M",163.5,70.65,26.4,23.7,"Brazil","No","No",1,8,"Low","Moderate",33.35,115.28,26
7,25.3,"Young","M",182.7,68.7,20.6,25.3,"Brazil","No","No",0,8,"Low","Low",15.72,34.62,24
8,22.4,"Young","F",161.8,65.4,25,23.1,"Brazil","Yes","No",0,8,"Low","Low",35.84,62.8,26
9,23.2,"Young","F",158,66,26.4,NA,"Brazil","No","No",0,13,"Moderate","Low",14.31,24.15,27
10,26.2,"Young","F",162.7,49.1,18.5,22.5,"Brazil","No","No",1,7,"Low","Low",17.37,48.37,26
11,41.4,"Young","M",166.8,70.1,25.2,24,"Brazil","Yes","No",0,8,"Low","Low",36,100,25
12,25.6,"Young","M",181.5,67.8,20.6,25.3,"Brazil","Yes","No",0,15,"High","Moderate",21.84,72.59,25
13,43.9,"Young","M",165.5,65.35,23.9,23.7,"Brazil","Yes","No",0,9,"Moderate","High",29.13,58.93,24
14,75.3,"Old","M",174.5,69.1,22.7,25.3,"Brazil","Yes","No",0,7,"Low","High",22.44,53.31,26
15,20.7,"Young","F",166,54.4,19.7,21.8,"Brazil","Yes","No",1,10,"Moderate","Moderate",28.31,84.22,23
16,23.4,"Young","M",177.7,69.25,21.9,26.6,"Brazil","No","No",0,8,"Low","Low",23.06,42.65,23
17,20.2,"Young","F",149.7,66.1,29.5,21.8,"Brazil","Yes","No",3,10,"Moderate","High",22.4,70.16,21
18,26.2,"Young","M",178.5,73.85,23.2,25.3,"Brazil","No","No",0,7,"Low","Moderate",18.97,105.09,25
19,20.8,"Young","M",173.3,66.2,22,25.3,"Brazil","No","No",1,10,"Moderate","Moderate",26.56,64.53,25
20,21.4,"Young","M",173.8,54.2,17.9,23.4,"Brazil","No","No",1,12,"Moderate","Moderate",15.94,57.87,28
21,20.1,"Young","F",164.3,63.05,23.4,23.1,"Brazil","No","No",0,15,"High","Moderate",20,46.54,22
22,29.2,"Young","F",162,67.95,25.9,22.5,"Brazil","No","No",0,16,"High","Low",32.84,50.16,24
23,34.7,"Young","F",158.8,71.45,28.3,21.8,"Brazil","Yes","No",0,10,"Moderate","High",18.38,37.15,28
24,23.3,"Young","F",177.8,60.85,19.2,23.7,"Brazil","Yes","No",0,12,"Moderate","Low",17.03,55.65,26
25,31.9,"Young","F",166.5,52.5,18.9,22.5,"Brazil","No","No",0,9,"Moderate","High",18.59,46.53,24
26,35.2,"Young","F",161.8,49.7,19,22.5,"Brazil","Yes","No",0,14,"High","Low",25.84,38.03,26
27,29.3,"Young","F",159.5,56.95,22.4,22.5,"Brazil","No","No",0,11,"Moderate","Low",25.18,33.53,25
28,25.5,"Young","M",173.8,65.9,21.8,24.7,"Peru","No","No",0,9,"Moderate","Low",17.38,34.87,24
29,27.7,"Young","F",159,53.2,21,23.1,"Colombia","Yes","No",1,12,"Moderate","Moderate",23.57,30.68,25
30,25.7,"Young","F",159.6,56.8,22.3,21.8,"Brazil","No","No",0,8,"Low","Moderate",21.78,31.69,25
31,22.3,"Young","F",156.5,63.45,25.9,21.8,"Brazil","Yes","No",0,12,"Moderate","Moderate",15.88,46.84,25
32,20.2,"Young","M",170.5,69.15,23.8,24,"Brazil","No","No",0,9,"Moderate","Low",19.75,55.97,23
33,20,"Young","M",181,57.15,17.4,24,"Brazil","No","No",0,9,"Moderate","Moderate",18.41,38.13,25
34,22.3,"Young","F",164.5,49.05,18.1,21.5,"Brazil","No","No",0,10,"Moderate","Moderate",25.62,88.15,26
35,20.2,"Young","M",177.7,68.35,21.6,23.7,"Brazil","No","No",0,18,"High","High",26.37,60.78,23
36,29.9,"Young","M",169.5,71.6,24.9,23,"Brazil","No","No",0,12,"Moderate","Low",65.6,262.82,22
37,21.8,"Young","M",172.5,72.3,24.3,23.95,"Brazil","No","No",0,8,"Low","Moderate",24.6,46.87,27
38,26.2,"Young","M",172,65.85,22.3,24.85,"Brazil","Yes","No",0,10,"Moderate","Moderate",17.09,35.19,26
39,22.7,"Young","F",149.5,56.8,25.4,21.4,"Colombia","No","No",0,16,"High","Moderate",16.38,55.25,20
40,23.9,"Young","F",189.8,65.85,18.3,25.85,"Brazil","No","No",0,8,"Low","Moderate",15.6,38.68,25
41,68.8,"Old","M",173.2,70.35,23.5,24,"Brazil","No","No",0,10,"Moderate","Moderate",28.44,83.32,22
42,67.4,"Old","F",154.8,73.5,30.7,23.1,"Brazil","Yes","No",0,10,"Moderate","High",39.03,94.47,16
43,60.7,"Old","F",159.2,71.3,28.1,22.6,"Brazil","No","No",0,9,"Moderate","Low",34.28,91.47,20
44,62.2,"Old","F",153.8,51.05,21.6,21.9,"Brazil","Yes","No",0,12,"Moderate","Moderate",22.94,53.98,23
45,67.3,"Old","M",167.5,67,23.9,23,"Brazil","Yes","Yes",0,12,"Moderate","Moderate",31.88,57.4,24
46,63.6,"Old","M",175.2,73.15,23.8,24.55,"Brazil","Yes","No",0,7,"Low","High",17.5,68.03,23
47,71.8,"Old","F",156,73.55,30.2,22.95,"Brazil","Yes","No",0,11,"Moderate","High",23.98,71.45,19
48,34.3,"Young","F",160.5,62.5,24.3,21.85,"Brazil","Yes","No",0,11,"Moderate","Moderate",20.97,49.87,22
49,73.9,"Old","F",161.8,68.9,26.3,21.5,"Brazil","Yes","Yes",0,14,"High","Low",24.07,80.1,18
50,67.8,"Old","F",160.1,67.25,26.2,23,"Brazil","Yes","No",0,7,"Low","Moderate",23.62,90.63,20
51,62.8,"Old","F",159.5,75.85,29.8,21.25,"Brazil","Yes","No",1,11,"Moderate","Low",23.08,53.4,24
52,70,"Old","F",145.5,51.1,24.1,21.15,"Chile","Yes","No",0,17,"High","High",47.28,153.57,17
53,24.1,"Young","F",167.5,63.8,22.7,22.65,"Brazil","No","No",1,9,"Moderate","Low",21.78,65.72,21
54,24.1,"Young","M",179.5,72.65,22.5,26.1,"Brazil","Yes","No",0,9,"Moderate","High",10.38,59.07,27
55,52,"Young","F",154.5,65.15,27.3,20.9,"Brazil","Yes","No",3,14,"High","Moderate",222.09,300,17
56,60.5,"Old","F",156.7,70.4,28.7,22.6,"Brazil","Yes","No",1,13,"Moderate","Moderate",34.95,58.22,16
57,19.2,"Young","F",157.6,54.25,21.8,20.65,"Brazil","Yes","No",5,16,"High","Moderate",20.75,34.88,15
58,67.8,"Old","F",153.2,64.25,27.4,22.6,"Brazil","Yes","No",0,8,"Low","High",50.5,215.4,18
59,67.3,"Old","M",164,67.8,25.2,20.85,"Brazil","Yes","Yes",0,8,"Low","Moderate",31,86.85,12
60,38.3,"Young","M",159.7,61,23.9,23.75,"Brazil","No","Yes",6,13,"Moderate","Low",33.66,75,9
61,27,"Young","F",171.5,59.1,20.1,22.4,"Colombia","No","No",1,10,"Moderate","Low",10.58,35.63,21
62,26.6,"Young","M",173.2,66.3,22.1,23.9,"Brazil","No","No",0,9,"Moderate","Moderate",18.79,73.16,20
63,27,"Young","F",163.5,57.1,21.4,22.5,"Colombia","Yes","No",0,10,"Moderate","Moderate",21.13,97.1,25
64,75.3,"Old","F",145.7,61.9,29.2,20.4,"Brazil","Yes","No",2,7,"Low","Moderate",58.4,220.19,20
65,80.8,"Old","F",155,50.25,20.9,22.95,"Brazil","Yes","No",0,9,"Moderate","High",49.88,300,16
66,33.9,"Young","M",169.8,63.2,21.9,24,"Mexico","No","No",0,8,"Low","Moderate",26.62,40.88,23
67,66.2,"Old","M",162.7,53.2,20.1,24.1,"Brazil","Yes","No",0,11,"Moderate","High",46.88,189.1,17
68,66.8,"Old","M",167.3,70.8,25.3,24,"Brazil","Yes","No",0,11,"Moderate","Moderate",79.75,300,18
69,65.1,"Old","F",153.5,58,24.6,22.5,"Brazil","No","No",0,7,"Low","Moderate",29.16,54.84,22
70,66.2,"Old","F",158.2,70.05,28,21.2,"Brazil","Yes","No",0,13,"Moderate","Moderate",51.75,79.87,19
71,61.4,"Old","F",147.5,56.7,26.1,21,"Brazil","No","No",0,8,"Low","High",48.34,119.21,18
72,74.6,"Old","F",150,50.45,22.4,20.65,"Brazil","Yes","No",1,8,"Low","High",33,300,19
73,79.8,"Old","F",158.2,67.3,26.9,23.05,"Brazil","Yes","Yes",0,11,"Moderate","High",68.78,300,17
74,75.1,"Old","F",158,54.3,21.8,23.15,"Brazil","Yes","No",0,10,"Moderate","High",59.54,170.5,10
75,64.6,"Old","F",159.5,70,27.5,23.45,"Brazil","Yes","No",0,14,"High","Moderate",29.38,57.34,20
76,68.8,"Old","M",167.5,71.6,25.5,25.25,"Brazil","Yes","No",0,10,"Moderate","High",38.12,98.28,25
77,81.3,"Old","F",149.5,44.25,19.8,21.75,"Portugal","Yes","No",0,9,"Moderate","High",50.1,163.25,16
78,64,"Old","F",162.8,73.5,27.7,23,"Brazil","Yes","No",0,19,"High","High",65.19,167.69,18
79,72.2,"Old","F",148.5,70.55,32,20.65,"Brazil","Yes","No",0,17,"High","Moderate",51.44,293.31,21
80,23.2,"Young","F",161,52,20.1,22.85,"Brazil","Yes","Yes",12,19,"High","Low",16.41,39.84,15
81,68.8,"Old","F",158.5,70.45,28,23.4,"Brazil","Yes","No",2,7,"Low","High",60.25,123.31,16
82,76.2,"Old","F",152.5,51.3,22.1,21.75,"Brazil","Yes","No",0,16,"High","Moderate",72,153.56,16
83,80.1,"Old","M",158.8,60.75,24.1,24.45,"Brazil","Yes","No",0,7,"Low","High",84,300,16
84,78.4,"Old","F",154.2,67.9,28.6,22.25,"Brazil","Yes","No",0,10,"Moderate","High",84.31,256.78,19
85,68.1,"Old","F",154.5,57.15,23.9,21.5,"Brazil","Yes","Yes",1,15,"High","Moderate",65.78,181.12,14
86,75.7,"Old","F",155.6,69.25,28.6,21.5,"Brazil","Yes","Yes",0,18,"High","High",63.75,281.81,10
87,83.7,"Old","F",149,58.9,26.5,22.2,"Brazil","Yes","Yes",0,9,"Moderate","Low",100.57,300,15
88,72.5,"Old","F",140,54.55,27.8,21.2,"Brazil","Yes","No",0,11,"Moderate","Low",51.12,234.87,16
89,22.8,"Young","M",171.6,72.8,24.7,26.1,"Brazil","No","No",0,8,"Low","Moderate",18.16,49.22,24
90,28.9,"Young","M",175,72.8,23.8,25.35,"Brazil","No","No",1,8,"Low","Low",20.38,41.62,27
91,71.2,"Old","F",142,64.25,31.9,21.5,"Brazil","Yes","No",0,7,"Low","High",34.32,136.72,17
92,76.4,"Old","F",156.8,62.45,25.4,21.4,"Brazil","Yes","No",1,8,"Low","Moderate",34.85,74.21,14
93,75.6,"Old","M",168.8,75.9,26.6,24,"Brazil","Yes","No",0,7,"Low","Low",60.75,300,18
94,76.3,"Old","F",155,61.7,25.7,22.8,"Brazil","Yes","No",0,7,"Low","High",49.75,99.72,15
95,77.1,"Old","F",148.5,47.25,21.4,20.35,"Brazil","Yes","No",1,8,"Low","Moderate",49.4,140.75,18
96,72.3,"Old","M",154,49.3,20.8,23.25,"Brazil","Yes","No",0,9,"Moderate","High",44.28,129.22,18
97,27.3,"Young","M",172,51.05,17.3,24.55,"Brazil","No","No",1,17,"High","High",20.53,38.48,24
98,74.9,"Old","M",169.6,73.1,25.4,24.65,"Brazil","Yes","No",0,10,"Moderate","High",56.16,281.87,21
99,27.2,"Young","F",164.5,65.4,24.2,22.35,"Brazil","Yes","No",0,16,"High","High",17.25,38.03,23
100,69.6,"Old","F",155,56.95,23.7,22.05,"Brazil","Yes","No",0,20,"High","Low",36.79,78.64,20
101,29.3,"Young","F",152.7,54.1,23.2,21.1,"Brazil","No","No",4,8,"Low","High",19.38,32.38,24
102,66.2,"Old","F",149.8,46.4,20.7,19.1,"Brazil","No","No",1,7,"Low","High",17.44,39.25,21
103,73.6,"Old","F",153.8,66.1,27.9,21.75,"Brazil","Yes","No",0,11,"Moderate","High",78.59,300,17
104,85.8,"Old","F",145.7,59.8,28.2,23.15,"Brazil","Yes","No",0,7,"Low","Moderate",108.4,300,8
105,80,"Old","F",150.5,55.65,24.6,23,"Brazil","Yes","No",1,7,"Low","Low",85.97,300,18
106,66.8,"Old","F",148.8,53.6,24.2,21.5,"Brazil","Yes","No",0,11,"Moderate","High",52.19,234.65,21
107,63.2,"Old","F",157.2,60.05,24.3,22.3,"Brazil","Yes","Yes",0,10,"Moderate","Moderate",47.28,249.53,20
108,74.7,"Old","F",163.7,63.05,23.5,23.3,"Brazil","Yes","No",1,12,"Moderate","Moderate",54.35,118.6,16
109,34.8,"Young","F",158.5,50.9,20.3,21.65,"Brazil","Yes","No",0,23,"High","Moderate",16.41,38.9,20
110,66.6,"Old","F",159.3,57.05,22.5,24.05,"Brazil","Yes","Yes",1,7,"Low","Low",27.35,71.3,19
111,62.6,"Old","F",157.5,58.5,23.6,21.1,"Brazil","Yes","No",0,10,"Moderate","High",81.97,174.65,24
112,78.3,"Old","F",165.3,67.5,24.7,24.05,"Brazil","Yes","No",0,7,"Low","Moderate",81.22,172.56,18
113,73.3,"Old","F",157.3,63.1,25.5,22.9,"Brazil","Yes","No",1,7,"Low","Low",128.81,242.87,17
114,23.7,"Young","F",168,72.3,25.6,24.4,"Brazil","No","No",0,16,"High","Moderate",17.59,46.25,21
115,24.8,"Young","F",170,60.85,21.1,23,"Brazil","No","No",1,10,"Moderate","Moderate",15.97,58.66,26
116,19.8,"Young","F",171.7,72.8,24.7,24.2,"Brazil","Yes","No",0,11,"Moderate","High",30.88,36.88,23
117,24.1,"Young","F",156.5,47.35,19.3,20.9,"Brazil","No","No",0,9,"Moderate","Low",16.14,29.28,25
118,38.2,"Young","F",163.3,66.35,24.9,23.35,"Brazil","No","No",0,10,"Moderate","Moderate",18.66,44.75,22
119,23.9,"Young","F",173.5,52.15,17.3,23.7,"Brazil","No","No",0,15,"High","Moderate",24.63,52.09,22
120,62.2,"Old","F",170.3,63.85,22,23.6,"Brazil","Yes","No",0,9,"Moderate","High",30.59,81.25,18
121,67,"Old","F",162.3,59.3,22.5,22.85,"Brazil","Yes","No",1,8,"Low","High",25.87,160.99,24
122,64.9,"Old","M",159.2,68.65,27.1,22.85,"Brazil","No","Yes",52,17,"High","Moderate",300,300,4
123,43.9,"Young","F",147.8,48.2,22.1,19.3,"Brazil","Yes","Yes",1,18,"High","Moderate",156.97,300,13
124,47.8,"Young","F",169.7,67,23.3,22.05,"Brazil","Yes","No",0,8,"Low","High",14.22,61.09,23
125,33.4,"Young","F",167.5,58,20.7,22.1,"Brazil","Yes","Yes",0,10,"Moderate","Low",23.79,46.71,25
126,35.2,"Young","F",161.5,46.75,17.9,22.05,"Brazil","Yes","No",3,7,"Low","Moderate",24.72,46.4,24
127,26.3,"Young","F",166.8,52.35,18.8,23.05,"Brazil","Yes","No",3,17,"High","Moderate",20.68,51.1,26
128,20.2,"Young","F",163.8,54.6,20.4,23.6,"Brazil","No","No",0,10,"Moderate","High",19.19,36.46,24
129,23.6,"Young","F",161.7,65.7,25.1,24.1,"Brazil","Yes","No",0,8,"Low","Low",22.31,31.31,24
130,26.5,"Young","F",164.2,57.15,21.2,22.95,"Brazil","Yes","No",0,9,"Moderate","High",25.32,47.38,27
131,59,"Young","F",154.1,66.4,28,22.35,"Brazil","Yes","No",0,9,"Moderate","High",42.62,119.37,19
132,85,"Old","F",152.5,51.7,22.2,23.2,"Brazil","Yes","No",1,13,"Moderate","Moderate",162.47,300,9
133,82.3,"Old","F",149.7,60,26.8,22.4,"Brazil","No","No",0,7,"Low","Moderate",46.16,277.28,19
134,79.9,"Old","F",143.4,58.15,28.3,20.55,"Brazil","Yes","No",1,9,"Moderate","High",69.47,180.07,14
135,27,"Young","M",181.7,74.15,22.5,24.75,"Brazil","No","No",0,14,"High","Low",17.51,35.88,20
136,25.1,"Young","F",161.8,62,23.7,22.15,"Brazil","No","No",0,12,"Moderate","High",18.68,53.46,27
137,24.4,"Young","F",168.4,57.4,20.2,22.55,"Brazil","Yes","No",3,14,"High","High",21.58,40.47,23
138,24.2,"Young","M",180.4,56.15,17.3,24.6,"Brazil","No","No",0,16,"High","Moderate",14.15,28.82,21
139,18.8,"Young","F",166.3,64.1,23.2,23,"Brazil","No","No",20,19,"High","Moderate",14.59,18.97,16
140,21.2,"Young","M",174,69.05,22.8,25.05,"Brazil","Yes","No",0,13,"Moderate","Moderate",14.39,31.53,22
141,30.7,"Young","F",161.2,60.45,23.3,22.65,"Venezuela","No","No",0,7,"Low","Moderate",18.58,43.35,22
142,22.6,"Young","F",163,47.65,17.9,21.3,"Brazil","No","No",0,8,"Low","Moderate",27,79.31,23
143,31.2,"Young","F",163.7,53.9,20.1,22.05,"Brazil","Yes","No",2,10,"Moderate","Moderate",33.75,42.97,23
144,31.2,"Young","M",177.1,60.45,19.3,25.3,"Brazil","No","No",0,9,"Moderate","Moderate",20.31,37.65,24
145,70.4,"Old","F",148.5,49.9,22.6,21.25,"Brazil","Yes","No",0,9,"Moderate","High",28.31,129.84,21
146,72.8,"Old","M",178.5,73.7,23.1,26.2,"Brazil","Yes","No",0,7,"Low","Moderate",44.44,124.94,20
147,23.3,"Young","F",166,64.4,23.4,24,"Brazil","Yes","No",0,12,"Moderate","High",22.43,67.69,26
148,79,"Old","F",151.3,67.45,29.5,22.5,"Brazil","Yes","No",0,7,"Low","Moderate",97.39,162.97,18
149,63.7,"Old","F",160.5,61.45,23.9,23.4,"Brazil","Yes","No",1,11,"Moderate","Moderate",49.28,77.06,22
150,74.2,"Old","F",154.5,68.6,28.7,21.35,"Brazil","Yes","No",0,14,"High","High",61.21,300,21
151,73.3,"Old","F",156,70.95,29.2,22.3,"Brazil","Yes","No",0,10,"Moderate","Moderate",60,180,21
152,26.6,"Young","M",181.7,68.95,20.9,25.15,"Brazil","Yes","No",0,11,"Moderate","Moderate",12,25.19,27
153,65.7,"Old","F",152.2,53.8,23.2,22.75,"Brazil","Yes","No",0,11,"Moderate","High",59.85,214.81,18
154,71.8,"Old","M",172.8,72.8,24.4,24.7,"Brazil","Yes","Yes",0,11,"Moderate","Moderate",62.03,128.09,18
155,76.6,"Old","F",154.8,73.6,30.7,23.1,"Brazil","Yes","No",0,8,"Low","High",49.03,163.22,16
156,78,"Old","F",149.7,57.5,25.7,22.2,"Brazil","Yes","No",0,11,"Moderate","High",48.44,215.6,19
157,61.8,"Old","F",163.8,75.8,28.3,22.9,"Brazil","Yes","Yes",0,14,"High","High",33.93,39.72,21
158,72.2,"Old","F",167.3,73.5,26.3,25.25,"Brazil","No","No",0,8,"Low","Moderate",68.66,205.13,21
159,24.8,"Young","F",153.5,62.05,26.3,21.65,"Brazil","Yes","No",0,15,"High","Moderate",12.47,43.03,28
160,23.6,"Young","F",161.5,56.55,21.7,22.75,"Brazil","No","No",0,8,"Low","Moderate",18.44,48.53,24
161,25.3,"Young","F",167.7,60.55,21.5,23.75,"Brazil","Yes","No",0,10,"Moderate","Moderate",17.19,45.91,25
162,24.1,"Young","M",183.5,63.2,18.8,25.75,"Brazil","No","No",0,9,"Moderate","Moderate",14.75,49.38,26
163,25.4,"Young","M",172,74.6,25.2,24.9,"Peru","Yes","No",0,7,"Low","Moderate",11.78,29.34,26
