"Trial","Subject","Vision","Surface","AgeGroup","Gender"
"BDS00001",1,"Open","Firm","Young","F"
"BDS00002",1,"Open","Firm","Young","F"
"BDS00003",1,"Open","Firm","Young","F"
"BDS00004",1,"Closed","Firm","Young","F"
"BDS00005",1,"Closed","Firm","Young","F"
"BDS00006",1,"Closed","Firm","Young","F"
"BDS00007",1,"Open","Foam","Young","F"
"BDS00008",1,"Open","Foam","Young","F"
"BDS00009",1,"Open","Foam","Young","F"
"BDS00010",1,"Closed","Foam","Young","F"
"BDS00011",1,"Closed","Foam","Young","F"
"BDS00012",1,"Closed","Foam","Young","F"
"BDS00013",2,"Open","Firm","Young","F"
"BDS00014",2,"Open","Firm","Young","F"
"BDS00015",2,"Open","Firm","Young","F"
"BDS00016",2,"Closed","Firm","Young","F"
"BDS00017",2,"Closed","Firm","Young","F"
"BDS00018",2,"Closed","Firm","Young","F"
"BDS00019",2,"Open","Foam","Young","F"
"BDS00020",2,"Open","Foam","Young","F"
"BDS00021",2,"Open","Foam","Young","F"
"BDS00022",2,"Closed","Foam","Young","F"
"BDS00023",2,"Closed","Foam","Young","F"
"BDS00024",2,"Closed","Foam","Young","F"
"BDS00025",3,"Closed","Firm","Young","M"
"BDS00026",3,"Closed","Firm","Young","M"
"BDS00027",3,"Closed","Firm","Young","M"
"BDS00028",3,"Open","Firm","Young","M"
"BDS00029",3,"Open","Firm","Young","M"
"BDS00030",3,"Open","Firm","Young","M"
"BDS00031",3,"Open","Foam","Young","M"
"BDS00032",3,"Open","Foam","Young","M"
"BDS00033",3,"Open","Foam","Young","M"
"BDS00034",3,"Closed","Foam","Young","M"
"BDS00035",3,"Closed","Foam","Young","M"
"BDS00036",3,"Closed","Foam","Young","M"
"BDS00037",4,"Open","Firm","Old","M"
"BDS00038",4,"Open","Firm","Old","M"
"BDS00039",4,"Open","Firm","Old","M"
"BDS00040",4,"Open","Foam","Old","M"
"BDS00041",4,"Open","Foam","Old","M"
"BDS00042",4,"Open","Foam","Old","M"
"BDS00043",4,"Closed","Foam","Old","M"
"BDS00044",4,"Closed","Foam","Old","M"
"BDS00045",4,"Closed","Foam","Old","M"
"BDS00046",4,"Closed","Firm","Old","M"
"BDS00047",4,"Closed","Firm","Old","M"
"BDS00048",4,"Closed","Firm","Old","M"
"BDS00049",5,"Closed","Firm","Young","F"
"BDS00050",5,"Closed","Firm","Young","F"
"BDS00051",5,"Closed","Firm","Young","F"
"BDS00052",5,"Closed","Foam","Young","F"
"BDS00053",5,"Closed","Foam","Young","F"
"BDS00054",5,"Closed","Foam","Young","F"
"BDS00055",5,"Open","Firm","Young","F"
"BDS00056",5,"Open","Firm","Young","F"
"BDS00057",5,"Open","Firm","Young","F"
"BDS00058",5,"Open","Foam","Young","F"
"BDS00059",5,"Open","Foam","Young","F"
"BDS00060",5,"Open","Foam","Young","F"
"BDS00061",6,"Open","Foam","Young","M"
"BDS00062",6,"Open","Foam","Young","M"
"BDS00063",6,"Open","Foam","Young","M"
"BDS00064",6,"Closed","Foam","Young","M"
"BDS00065",6,"Closed","Foam","Young","M"
"BDS00066",6,"Closed","Foam","Young","M"
"BDS00067",6,"Open","Firm","Young","M"
"BDS00068",6,"Open","Firm","Young","M"
"BDS00069",6,"Closed","Firm","Young","M"
"BDS00070",6,"Closed","Firm","Young","M"
"BDS00071",6,"Closed","Firm","Young","M"
"BDS00072",6,"Open","Firm","Young","M"
"BDS00073",7,"Open","Firm","Young","M"
"BDS00074",7,"Open","Firm","Young","M"
"BDS00075",7,"Open","Firm","Young","M"
"BDS00076",7,"Closed","Foam","Young","M"
"BDS00077",7,"Closed","Foam","Young","M"
"BDS00078",7,"Closed","Foam","Young","M"
"BDS00079",7,"Closed","Firm","Young","M"
"BDS00080",7,"Closed","Firm","Young","M"
"BDS00081",7,"Closed","Firm","Young","M"
"BDS00082",7,"Open","Foam","Young","M"
"BDS00083",7,"Open","Foam","Young","M"
"BDS00084",7,"Open","Foam","Young","M"
"BDS00085",8,"Open","Foam","Young","F"
"BDS00086",8,"Open","Foam","Young","F"
"BDS00087",8,"Open","Foam","Young","F"
"BDS00088",8,"Open","Firm","Young","F"
"BDS00089",8,"Open","Firm","Young","F"
"BDS00090",8,"Open","Firm","Young","F"
"BDS00091",8,"Closed","Foam","Young","F"
"BDS00092",8,"Closed","Foam","Young","F"
"BDS00093",8,"Closed","Foam","Young","F"
"BDS00094",8,"Closed","Firm","Young","F"
"BDS00095",8,"Closed","Firm","Young","F"
"BDS00096",8,"Closed","Firm","Young","F"
"BDS00097",9,"Open","Firm","Young","F"
"BDS00098",9,"Open","Firm","Young","F"
"BDS00099",9,"Open","Firm","Young","F"
"BDS00100",9,"Closed","Firm","Young","F"
"BDS00101",9,"Closed","Firm","Young","F"
"BDS00102",9,"Closed","Firm","Young","F"
"BDS00103",9,"Open","Foam","Young","F"
"BDS00104",9,"Open","Foam","Young","F"
"BDS00105",9,"Open","Foam","Young","F"
"BDS00106",9,"Closed","Foam","Young","F"
"BDS00107",9,"Closed","Foam","Young","F"
"BDS00108",9,"Closed","Foam","Young","F"
"BDS00109",10,"Closed","Firm","Young","F"
"BDS00110",10,"Closed","Firm","Young","F"
"BDS00111",10,"Closed","Firm","Young","F"
"BDS00112",10,"Closed","Foam","Young","F"
"BDS00113",10,"Closed","Foam","Young","F"
"BDS00114",10,"Closed","Foam","Young","F"
"BDS00115",10,"Open","Firm","Young","F"
"BDS00116",10,"Open","Firm","Young","F"
"BDS00117",10,"Open","Firm","Young","F"
"BDS00118",10,"Open","Foam","Young","F"
"BDS00119",10,"Open","Foam","Young","F"
"BDS00120",10,"Open","Foam","Young","F"
"BDS00121",11,"Closed","Firm","Young","M"
"BDS00122",11,"Closed","Firm","Young","M"
"BDS00123",11,"Closed","Firm","Young","M"
"BDS00124",11,"Closed","Foam","Young","M"
"BDS00125",11,"Closed","Foam","Young","M"
"BDS00126",11,"Closed","Foam","Young","M"
"BDS00127",11,"Open","Firm","Young","M"
"BDS00128",11,"Open","Firm","Young","M"
"BDS00129",11,"Open","Firm","Young","M"
"BDS00130",11,"Open","Foam","Young","M"
"BDS00131",11,"Open","Foam","Young","M"
"BDS00132",11,"Open","Foam","Young","M"
"BDS00133",12,"Closed","Foam","Young","M"
"BDS00134",12,"Closed","Foam","Young","M"
"BDS00135",12,"Closed","Foam","Young","M"
"BDS00136",12,"Closed","Firm","Young","M"
"BDS00137",12,"Closed","Firm","Young","M"
"BDS00138",12,"Closed","Firm","Young","M"
"BDS00139",12,"Open","Firm","Young","M"
"BDS00140",12,"Open","Firm","Young","M"
"BDS00141",12,"Open","Firm","Young","M"
"BDS00142",12,"Open","Foam","Young","M"
"BDS00143",12,"Open","Foam","Young","M"
"BDS00144",12,"Open","Foam","Young","M"
"BDS00145",13,"Open","Firm","Young","M"
"BDS00146",13,"Open","Firm","Young","M"
"BDS00147",13,"Open","Firm","Young","M"
"BDS00148",13,"Closed","Foam","Young","M"
"BDS00149",13,"Closed","Foam","Young","M"
"BDS00150",13,"Closed","Foam","Young","M"
"BDS00151",13,"Open","Foam","Young","M"
"BDS00152",13,"Open","Foam","Young","M"
"BDS00153",13,"Open","Foam","Young","M"
"BDS00154",13,"Closed","Firm","Young","M"
"BDS00155",13,"Closed","Firm","Young","M"
"BDS00156",13,"Closed","Firm","Young","M"
"BDS00157",14,"Closed","Firm","Old","M"
"BDS00158",14,"Closed","Firm","Old","M"
"BDS00159",14,"Closed","Firm","Old","M"
"BDS00160",14,"Open","Firm","Old","M"
"BDS00161",14,"Open","Firm","Old","M"
"BDS00162",14,"Open","Firm","Old","M"
"BDS00163",14,"Closed","Foam","Old","M"
"BDS00164",14,"Closed","Foam","Old","M"
"BDS00165",14,"Closed","Foam","Old","M"
"BDS00166",14,"Open","Foam","Old","M"
"BDS00167",14,"Open","Foam","Old","M"
"BDS00168",14,"Open","Foam","Old","M"
"BDS00169",15,"Open","Foam","Young","F"
"BDS00170",15,"Open","Foam","Young","F"
"BDS00171",15,"Open","Foam","Young","F"
"BDS00172",15,"Open","Firm","Young","F"
"BDS00173",15,"Open","Firm","Young","F"
"BDS00174",15,"Open","Firm","Young","F"
"BDS00175",15,"Closed","Firm","Young","F"
"BDS00176",15,"Closed","Firm","Young","F"
"BDS00177",15,"Closed","Firm","Young","F"
"BDS00178",15,"Closed","Foam","Young","F"
"BDS00179",15,"Closed","Foam","Young","F"
"BDS00180",15,"Closed","Foam","Young","F"
"BDS00181",16,"Open","Foam","Young","M"
"BDS00182",16,"Open","Foam","Young","M"
"BDS00183",16,"Open","Foam","Young","M"
"BDS00184",16,"Closed","Foam","Young","M"
"BDS00185",16,"Closed","Foam","Young","M"
"BDS00186",16,"Closed","Foam","Young","M"
"BDS00187",16,"Closed","Firm","Young","M"
"BDS00188",16,"Closed","Firm","Young","M"
"BDS00189",16,"Closed","Firm","Young","M"
"BDS00190",16,"Open","Firm","Young","M"
"BDS00191",16,"Open","Firm","Young","M"
"BDS00192",16,"Open","Firm","Young","M"
"BDS00193",17,"Closed","Foam","Young","F"
"BDS00194",17,"Closed","Foam","Young","F"
"BDS00195",17,"Closed","Foam","Young","F"
"BDS00196",17,"Closed","Firm","Young","F"
"BDS00197",17,"Closed","Firm","Young","F"
"BDS00198",17,"Closed","Firm","Young","F"
"BDS00199",17,"Open","Foam","Young","F"
"BDS00200",17,"Open","Foam","Young","F"
"BDS00201",17,"Open","Foam","Young","F"
"BDS00202",17,"Open","Firm","Young","F"
"BDS00203",17,"Open","Firm","Young","F"
"BDS00204",17,"Open","Firm","Young","F"
"BDS00205",18,"Closed","Foam","Young","M"
"BDS00206",18,"Closed","Foam","Young","M"
"BDS00207",18,"Closed","Foam","Young","M"
"BDS00208",18,"Open","Foam","Young","M"
"BDS00209",18,"Open","Foam","Young","M"
"BDS00210",18,"Open","Foam","Young","M"
"BDS00211",18,"Open","Firm","Young","M"
"BDS00212",18,"Open","Firm","Young","M"
"BDS00213",18,"Open","Firm","Young","M"
"BDS00214",18,"Closed","Firm","Young","M"
"BDS00215",18,"Closed","Firm","Young","M"
"BDS00216",18,"Closed","Firm","Young","M"
"BDS00217",19,"Closed","Firm","Young","M"
"BDS00218",19,"Closed","Firm","Young","M"
"BDS00219",19,"Closed","Firm","Young","M"
"BDS00220",19,"Closed","Foam","Young","M"
"BDS00221",19,"Closed","Foam","Young","M"
"BDS00222",19,"Closed","Foam","Young","M"
"BDS00223",19,"Open","Firm","Young","M"
"BDS00224",19,"Open","Firm","Young","M"
"BDS00225",19,"Open","Firm","Young","M"
"BDS00226",19,"Open","Foam","Young","M"
"BDS00227",19,"Open","Foam","Young","M"
"BDS00228",19,"Open","Foam","Young","M"
"BDS00229",20,"Open","Firm","Young","M"
"BDS00230",20,"Open","Firm","Young","M"
"BDS00231",20,"Open","Firm","Young","M"
"BDS00232",20,"Closed","Foam","Young","M"
"BDS00233",20,"Closed","Foam","Young","M"
"BDS00234",20,"Closed","Foam","Young","M"
"BDS00235",20,"Open","Foam","Young","M"
"BDS00236",20,"Open","Foam","Young","M"
"BDS00237",20,"Open","Foam","Young","M"
"BDS00238",20,"Closed","Firm","Young","M"
"BDS00239",20,"Closed","Firm","Young","M"
"BDS00240",20,"Closed","Firm","Young","M"
"BDS00241",21,"Closed","Foam","Young","F"
"BDS00242",21,"Closed","Foam","Young","F"
"BDS00243",21,"Closed","Foam","Young","F"
"BDS00244",21,"Closed","Firm","Young","F"
"BDS00245",21,"Closed","Firm","Young","F"
"BDS00246",21,"Closed","Firm","Young","F"
"BDS00247",21,"Open","Foam","Young","F"
"BDS00248",21,"Open","Foam","Young","F"
"BDS00249",21,"Open","Foam","Young","F"
"BDS00250",21,"Open","Firm","Young","F"
"BDS00251",21,"Open","Firm","Young","F"
"BDS00252",21,"Open","Firm","Young","F"
"BDS00253",22,"Open","Foam","Young","F"
"BDS00254",22,"Open","Foam","Young","F"
"BDS00255",22,"Open","Foam","Young","F"
"BDS00256",22,"Closed","Firm","Young","F"
"BDS00257",22,"Closed","Firm","Young","F"
"BDS00258",22,"Closed","Firm","Young","F"
"BDS00259",22,"Closed","Foam","Young","F"
"BDS00260",22,"Closed","Foam","Young","F"
"BDS00261",22,"Closed","Foam","Young","F"
"BDS00262",22,"Open","Firm","Young","F"
"BDS00263",22,"Open","Firm","Young","F"
"BDS00264",22,"Open","Firm","Young","F"
"BDS00265",23,"Open","Foam","Young","F"
"BDS00266",23,"Open","Foam","Young","F"
"BDS00267",23,"Open","Foam","Young","F"
"BDS00268",23,"Closed","Firm","Young","F"
"BDS00269",23,"Closed","Firm","Young","F"
"BDS00270",23,"Closed","Firm","Young","F"
"BDS00271",23,"Open","Firm","Young","F"
"BDS00272",23,"Open","Firm","Young","F"
"BDS00273",23,"Open","Firm","Young","F"
"BDS00274",23,"Closed","Foam","Young","F"
"BDS00275",23,"Closed","Foam","Young","F"
"BDS00276",23,"Closed","Foam","Young","F"
"BDS00277",24,"Open","Foam","Young","F"
"BDS00278",24,"Open","Foam","Young","F"
"BDS00279",24,"Open","Foam","Young","F"
"BDS00280",24,"Open","Firm","Young","F"
"BDS00281",24,"Open","Firm","Young","F"
"BDS00282",24,"Open","Firm","Young","F"
"BDS00283",24,"Closed","Firm","Young","F"
"BDS00284",24,"Closed","Firm","Young","F"
"BDS00285",24,"Closed","Firm","Young","F"
"BDS00286",24,"Closed","Foam","Young","F"
"BDS00287",24,"Closed","Foam","Young","F"
"BDS00288",24,"Closed","Foam","Young","F"
"BDS00289",25,"Open","Foam","Young","F"
"BDS00290",25,"Open","Foam","Young","F"
"BDS00291",25,"Open","Foam","Young","F"
"BDS00292",25,"Open","Firm","Young","F"
"BDS00293",25,"Open","Firm","Young","F"
"BDS00294",25,"Open","Firm","Young","F"
"BDS00295",25,"Closed","Foam","Young","F"
"BDS00296",25,"Closed","Foam","Young","F"
"BDS00297",25,"Closed","Foam","Young","F"
"BDS00298",25,"Closed","Firm","Young","F"
"BDS00299",25,"Closed","Firm","Young","F"
"BDS00300",25,"Closed","Firm","Young","F"
"BDS00301",26,"Closed","Foam","Young","F"
"BDS00302",26,"Closed","Foam","Young","F"
"BDS00303",26,"Closed","Foam","Young","F"
"BDS00304",26,"Closed","Firm","Young","F"
"BDS00305",26,"Closed","Firm","Young","F"
"BDS00306",26,"Closed","Firm","Young","F"
"BDS00307",26,"Open","Foam","Young","F"
"BDS00308",26,"Open","Foam","Young","F"
"BDS00309",26,"Open","Foam","Young","F"
"BDS00310",26,"Open","Firm","Young","F"
"BDS00311",26,"Open","Firm","Young","F"
"BDS00312",26,"Open","Firm","Young","F"
"BDS00313",27,"Closed","Firm","Young","F"
"BDS00314",27,"Closed","Firm","Young","F"
"BDS00315",27,"Closed","Firm","Young","F"
"BDS00316",27,"Open","Foam","Young","F"
"BDS00317",27,"Open","Foam","Young","F"
"BDS00318",27,"Open","Foam","Young","F"
"BDS00319",27,"Open","Firm","Young","F"
"BDS00320",27,"Open","Firm","Young","F"
"BDS00321",27,"Open","Firm","Young","F"
"BDS00322",27,"Closed","Foam","Young","F"
"BDS00323",27,"Closed","Foam","Young","F"
"BDS00324",27,"Closed","Foam","Young","F"
"BDS00325",28,"Closed","Foam","Young","M"
"BDS00326",28,"Closed","Foam","Young","M"
"BDS00327",28,"Closed","Foam","Young","M"
"BDS00328",28,"Closed","Firm","Young","M"
"BDS00329",28,"Closed","Firm","Young","M"
"BDS00330",28,"Closed","Firm","Young","M"
"BDS00331",28,"Open","Foam","Young","M"
"BDS00332",28,"Open","Foam","Young","M"
"BDS00333",28,"Open","Foam","Young","M"
"BDS00334",28,"Open","Firm","Young","M"
"BDS00335",28,"Open","Firm","Young","M"
"BDS00336",28,"Open","Firm","Young","M"
"BDS00337",29,"Open","Foam","Young","F"
"BDS00338",29,"Open","Foam","Young","F"
"BDS00339",29,"Open","Foam","Young","F"
"BDS00340",29,"Closed","Firm","Young","F"
"BDS00341",29,"Closed","Firm","Young","F"
"BDS00342",29,"Closed","Firm","Young","F"
"BDS00343",29,"Closed","Foam","Young","F"
"BDS00344",29,"Closed","Foam","Young","F"
"BDS00345",29,"Closed","Foam","Young","F"
"BDS00346",29,"Open","Firm","Young","F"
"BDS00347",29,"Open","Firm","Young","F"
"BDS00348",29,"Open","Firm","Young","F"
"BDS00349",30,"Open","Foam","Young","F"
"BDS00350",30,"Open","Foam","Young","F"
"BDS00351",30,"Open","Foam","Young","F"
"BDS00352",30,"Closed","Foam","Young","F"
"BDS00353",30,"Closed","Foam","Young","F"
"BDS00354",30,"Closed","Foam","Young","F"
"BDS00355",30,"Closed","Firm","Young","F"
"BDS00356",30,"Closed","Firm","Young","F"
"BDS00357",30,"Closed","Firm","Young","F"
"BDS00358",30,"Open","Firm","Young","F"
"BDS00359",30,"Open","Firm","Young","F"
"BDS00360",30,"Open","Firm","Young","F"
"BDS00361",31,"Open","Foam","Young","F"
"BDS00362",31,"Open","Foam","Young","F"
"BDS00363",31,"Open","Foam","Young","F"
"BDS00364",31,"Closed","Foam","Young","F"
"BDS00365",31,"Closed","Foam","Young","F"
"BDS00366",31,"Closed","Foam","Young","F"
"BDS00367",31,"Closed","Firm","Young","F"
"BDS00368",31,"Closed","Firm","Young","F"
"BDS00369",31,"Closed","Firm","Young","F"
"BDS00370",31,"Open","Firm","Young","F"
"BDS00371",31,"Open","Firm","Young","F"
"BDS00372",31,"Open","Firm","Young","F"
"BDS00373",32,"Closed","Foam","Young","M"
"BDS00374",32,"Closed","Foam","Young","M"
"BDS00375",32,"Closed","Foam","Young","M"
"BDS00376",32,"Closed","Firm","Young","M"
"BDS00377",32,"Closed","Firm","Young","M"
"BDS00378",32,"Closed","Firm","Young","M"
"BDS00379",32,"Open","Foam","Young","M"
"BDS00380",32,"Open","Foam","Young","M"
"BDS00381",32,"Open","Foam","Young","M"
"BDS00382",32,"Open","Firm","Young","M"
"BDS00383",32,"Open","Firm","Young","M"
"BDS00384",32,"Open","Firm","Young","M"
"BDS00385",33,"Closed","Foam","Young","M"
"BDS00386",33,"Closed","Foam","Young","M"
"BDS00387",33,"Closed","Foam","Young","M"
"BDS00388",33,"Closed","Firm","Young","M"
"BDS00389",33,"Closed","Firm","Young","M"
"BDS00390",33,"Closed","Firm","Young","M"
"BDS00391",33,"Open","Firm","Young","M"
"BDS00392",33,"Open","Firm","Young","M"
"BDS00393",33,"Open","Firm","Young","M"
"BDS00394",33,"Open","Foam","Young","M"
"BDS00395",33,"Open","Foam","Young","M"
"BDS00396",33,"Open","Foam","Young","M"
"BDS00397",34,"Open","Firm","Young","F"
"BDS00398",34,"Open","Firm","Young","F"
"BDS00399",34,"Open","Firm","Young","F"
"BDS00400",34,"Closed","Foam","Young","F"
"BDS00401",34,"Closed","Foam","Young","F"
"BDS00402",34,"Closed","Foam","Young","F"
"BDS00403",34,"Closed","Firm","Young","F"
"BDS00404",34,"Closed","Firm","Young","F"
"BDS00405",34,"Closed","Firm","Young","F"
"BDS00406",34,"Open","Foam","Young","F"
"BDS00407",34,"Open","Foam","Young","F"
"BDS00408",34,"Open","Foam","Young","F"
"BDS00409",35,"Closed","Firm","Young","M"
"BDS00410",35,"Closed","Firm","Young","M"
"BDS00411",35,"Closed","Firm","Young","M"
"BDS00412",35,"Open","Foam","Young","M"
"BDS00413",35,"Open","Foam","Young","M"
"BDS00414",35,"Open","Foam","Young","M"
"BDS00415",35,"Open","Firm","Young","M"
"BDS00416",35,"Open","Firm","Young","M"
"BDS00417",35,"Open","Firm","Young","M"
"BDS00418",35,"Closed","Foam","Young","M"
"BDS00419",35,"Closed","Foam","Young","M"
"BDS00420",35,"Closed","Foam","Young","M"
"BDS00421",36,"Closed","Firm","Young","M"
"BDS00422",36,"Closed","Firm","Young","M"
"BDS00423",36,"Closed","Firm","Young","M"
"BDS00424",36,"Open","Foam","Young","M"
"BDS00425",36,"Open","Foam","Young","M"
"BDS00426",36,"Open","Foam","Young","M"
"BDS00427",36,"Closed","Foam","Young","M"
"BDS00428",36,"Closed","Foam","Young","M"
"BDS00429",36,"Closed","Foam","Young","M"
"BDS00430",36,"Open","Firm","Young","M"
"BDS00431",36,"Open","Firm","Young","M"
"BDS00432",36,"Open","Firm","Young","M"
"BDS00433",37,"Closed","Foam","Young","M"
"BDS00434",37,"Closed","Foam","Young","M"
"BDS00435",37,"Closed","Foam","Young","M"
"BDS00436",37,"Closed","Firm","Young","M"
"BDS00437",37,"Closed","Firm","Young","M"
"BDS00438",37,"Closed","Firm","Young","M"
"BDS00439",37,"Open","Firm","Young","M"
"BDS00440",37,"Open","Firm","Young","M"
"BDS00441",37,"Open","Firm","Young","M"
"BDS00442",37,"Open","Foam","Young","M"
"BDS00443",37,"Open","Foam","Young","M"
"BDS00444",37,"Open","Foam","Young","M"
"BDS00445",38,"Open","Firm","Young","M"
"BDS00446",38,"Open","Firm","Young","M"
"BDS00447",38,"Open","Firm","Young","M"
"BDS00448",38,"Open","Foam","Young","M"
"BDS00449",38,"Open","Foam","Young","M"
"BDS00450",38,"Open","Foam","Young","M"
"BDS00451",38,"Closed","Firm","Young","M"
"BDS00452",38,"Closed","Firm","Young","M"
"BDS00453",38,"Closed","Firm","Young","M"
"BDS00454",38,"Closed","Foam","Young","M"
"BDS00455",38,"Closed","Foam","Young","M"
"BDS00456",38,"Closed","Foam","Young","M"
"BDS00457",39,"Open","Firm","Young","F"
"BDS00458",39,"Open","Firm","Young","F"
"BDS00459",39,"Open","Firm","Young","F"
"BDS00460",39,"Open","Foam","Young","F"
"BDS00461",39,"Open","Foam","Young","F"
"BDS00462",39,"Open","Foam","Young","F"
"BDS00463",39,"Closed","Firm","Young","F"
"BDS00464",39,"Closed","Firm","Young","F"
"BDS00465",39,"Closed","Firm","Young","F"
"BDS00466",39,"Closed","Foam","Young","F"
"BDS00467",39,"Closed","Foam","Young","F"
"BDS00468",39,"Closed","Foam","Young","F"
"BDS00469",40,"Open","Foam","Young","F"
"BDS00470",40,"Open","Foam","Young","F"
"BDS00471",40,"Open","Foam","Young","F"
"BDS00472",40,"Closed","Firm","Young","F"
"BDS00473",40,"Closed","Firm","Young","F"
"BDS00474",40,"Closed","Firm","Young","F"
"BDS00475",40,"Open","Firm","Young","F"
"BDS00476",40,"Open","Firm","Young","F"
"BDS00477",40,"Open","Firm","Young","F"
"BDS00478",40,"Closed","Foam","Young","F"
"BDS00479",40,"Closed","Foam","Young","F"
"BDS00480",40,"Closed","Foam","Young","F"
"BDS00481",41,"Open","Firm","Old","M"
"BDS00482",41,"Open","Firm","Old","M"
"BDS00483",41,"Open","Firm","Old","M"
"BDS00484",41,"Closed","Firm","Old","M"
"BDS00485",41,"Closed","Firm","Old","M"
"BDS00486",41,"Closed","Firm","Old","M"
"BDS00487",41,"Closed","Foam","Old","M"
"BDS00488",41,"Closed","Foam","Old","M"
"BDS00489",41,"Closed","Foam","Old","M"
"BDS00490",41,"Open","Foam","Old","M"
"BDS00491",41,"Open","Foam","Old","M"
"BDS00492",41,"Open","Foam","Old","M"
"BDS00493",42,"Closed","Firm","Old","F"
"BDS00494",42,"Closed","Firm","Old","F"
"BDS00495",42,"Closed","Firm","Old","F"
"BDS00496",42,"Open","Firm","Old","F"
"BDS00497",42,"Open","Firm","Old","F"
"BDS00498",42,"Open","Firm","Old","F"
"BDS00499",42,"Open","Foam","Old","F"
"BDS00500",42,"Open","Foam","Old","F"
"BDS00501",42,"Open","Foam","Old","F"
"BDS00502",42,"Closed","Foam","Old","F"
"BDS00503",42,"Closed","Foam","Old","F"
"BDS00504",42,"Closed","Foam","Old","F"
"BDS00505",43,"Closed","Foam","Old","F"
"BDS00506",43,"Closed","Foam","Old","F"
"BDS00507",43,"Closed","Foam","Old","F"
"BDS00508",43,"Open","Foam","Old","F"
"BDS00509",43,"Open","Foam","Old","F"
"BDS00510",43,"Open","Foam","Old","F"
"BDS00511",43,"Open","Firm","Old","F"
"BDS00512",43,"Open","Firm","Old","F"
"BDS00513",43,"Open","Firm","Old","F"
"BDS00514",43,"Closed","Firm","Old","F"
"BDS00515",43,"Closed","Firm","Old","F"
"BDS00516",43,"Closed","Firm","Old","F"
"BDS00517",44,"Open","Foam","Old","F"
"BDS00518",44,"Open","Foam","Old","F"
"BDS00519",44,"Open","Foam","Old","F"
"BDS00520",44,"Closed","Firm","Old","F"
"BDS00521",44,"Closed","Firm","Old","F"
"BDS00522",44,"Closed","Firm","Old","F"
"BDS00523",44,"Open","Firm","Old","F"
"BDS00524",44,"Open","Firm","Old","F"
"BDS00525",44,"Open","Firm","Old","F"
"BDS00526",44,"Closed","Foam","Old","F"
"BDS00527",44,"Closed","Foam","Old","F"
"BDS00528",44,"Closed","Foam","Old","F"
"BDS00529",45,"Open","Foam","Old","M"
"BDS00530",45,"Open","Foam","Old","M"
"BDS00531",45,"Open","Foam","Old","M"
"BDS00532",45,"Closed","Foam","Old","M"
"BDS00533",45,"Closed","Foam","Old","M"
"BDS00534",45,"Closed","Foam","Old","M"
"BDS00535",45,"Closed","Firm","Old","M"
"BDS00536",45,"Closed","Firm","Old","M"
"BDS00537",45,"Closed","Firm","Old","M"
"BDS00538",45,"Open","Firm","Old","M"
"BDS00539",45,"Open","Firm","Old","M"
"BDS00540",45,"Open","Firm","Old","M"
"BDS00541",46,"Open","Foam","Old","M"
"BDS00542",46,"Open","Foam","Old","M"
"BDS00543",46,"Open","Foam","Old","M"
"BDS00544",46,"Closed","Firm","Old","M"
"BDS00545",46,"Closed","Firm","Old","M"
"BDS00546",46,"Closed","Firm","Old","M"
"BDS00547",46,"Closed","Foam","Old","M"
"BDS00548",46,"Closed","Foam","Old","M"
"BDS00549",46,"Closed","Foam","Old","M"
"BDS00550",46,"Open","Firm","Old","M"
"BDS00551",46,"Open","Firm","Old","M"
"BDS00552",46,"Open","Firm","Old","M"
"BDS00553",47,"Open","Firm","Old","F"
"BDS00554",47,"Open","Firm","Old","F"
"BDS00555",47,"Open","Firm","Old","F"
"BDS00556",47,"Open","Foam","Old","F"
"BDS00557",47,"Open","Foam","Old","F"
"BDS00558",47,"Open","Foam","Old","F"
"BDS00559",47,"Closed","Foam","Old","F"
"BDS00560",47,"Closed","Foam","Old","F"
"BDS00561",47,"Closed","Foam","Old","F"
"BDS00562",47,"Closed","Firm","Old","F"
"BDS00563",47,"Closed","Firm","Old","F"
"BDS00564",47,"Closed","Firm","Old","F"
"BDS00565",48,"Closed","Foam","Young","F"
"BDS00566",48,"Closed","Foam","Young","F"
"BDS00567",48,"Closed","Foam","Young","F"
"BDS00568",48,"Closed","Firm","Young","F"
"BDS00569",48,"Closed","Firm","Young","F"
"BDS00570",48,"Closed","Firm","Young","F"
"BDS00571",48,"Open","Foam","Young","F"
"BDS00572",48,"Open","Foam","Young","F"
"BDS00573",48,"Open","Foam","Young","F"
"BDS00574",48,"Open","Firm","Young","F"
"BDS00575",48,"Open","Firm","Young","F"
"BDS00576",48,"Open","Firm","Young","F"
"BDS00577",49,"Closed","Firm","Old","F"
"BDS00578",49,"Closed","Firm","Old","F"
"BDS00579",49,"Closed","Firm","Old","F"
"BDS00580",49,"Closed","Foam","Old","F"
"BDS00581",49,"Closed","Foam","Old","F"
"BDS00582",49,"Closed","Foam","Old","F"
"BDS00583",49,"Open","Firm","Old","F"
"BDS00584",49,"Open","Firm","Old","F"
"BDS00585",49,"Open","Firm","Old","F"
"BDS00586",49,"Open","Foam","Old","F"
"BDS00587",49,"Open","Foam","Old","F"
"BDS00588",49,"Open","Foam","Old","F"
"BDS00589",50,"Closed","Firm","Old","F"
"BDS00590",50,"Closed","Firm","Old","F"
"BDS00591",50,"Closed","Firm","Old","F"
"BDS00592",50,"Open","Foam","Old","F"
"BDS00593",50,"Open","Foam","Old","F"
"BDS00594",50,"Open","Foam","Old","F"
"BDS00595",50,"Open","Firm","Old","F"
"BDS00596",50,"Open","Firm","Old","F"
"BDS00597",50,"Open","Firm","Old","F"
"BDS00598",50,"Closed","Foam","Old","F"
"BDS00599",50,"Closed","Foam","Old","F"
"BDS00600",50,"Closed","Foam","Old","F"
"BDS00601",51,"Closed","Firm","Old","F"
"BDS00602",51,"Closed","Firm","Old","F"
"BDS00603",51,"Closed","Firm","Old","F"
"BDS00604",51,"Open","Foam","Old","F"
"BDS00605",51,"Open","Foam","Old","F"
"BDS00606",51,"Open","Foam","Old","F"
"BDS00607",51,"Open","Firm","Old","F"
"BDS00608",51,"Open","Firm","Old","F"
"BDS00609",51,"Open","Firm","Old","F"
"BDS00610",51,"Closed","Foam","Old","F"
"BDS00611",51,"Closed","Foam","Old","F"
"BDS00612",51,"Closed","Foam","Old","F"
"BDS00613",52,"Open","Foam","Old","F"
"BDS00614",52,"Open","Foam","Old","F"
"BDS00615",52,"Open","Foam","Old","F"
"BDS00616",52,"Closed","Foam","Old","F"
"BDS00617",52,"Closed","Foam","Old","F"
"BDS00618",52,"Closed","Foam","Old","F"
"BDS00619",52,"Open","Firm","Old","F"
"BDS00620",52,"Open","Firm","Old","F"
"BDS00621",52,"Open","Firm","Old","F"
"BDS00622",52,"Closed","Firm","Old","F"
"BDS00623",52,"Closed","Firm","Old","F"
"BDS00624",52,"Closed","Firm","Old","F"
"BDS00625",53,"Closed","Firm","Young","F"
"BDS00626",53,"Closed","Firm","Young","F"
"BDS00627",53,"Closed","Firm","Young","F"
"BDS00628",53,"Open","Firm","Young","F"
"BDS00629",53,"Open","Firm","Young","F"
"BDS00630",53,"Open","Firm","Young","F"
"BDS00631",53,"Open","Foam","Young","F"
"BDS00632",53,"Open","Foam","Young","F"
"BDS00633",53,"Open","Foam","Young","F"
"BDS00634",53,"Closed","Foam","Young","F"
"BDS00635",53,"Closed","Foam","Young","F"
"BDS00636",53,"Closed","Foam","Young","F"
"BDS00637",54,"Closed","Firm","Young","M"
"BDS00638",54,"Closed","Firm","Young","M"
"BDS00639",54,"Closed","Firm","Young","M"
"BDS00640",54,"Closed","Foam","Young","M"
"BDS00641",54,"Closed","Foam","Young","M"
"BDS00642",54,"Closed","Foam","Young","M"
"BDS00643",54,"Open","Firm","Young","M"
"BDS00644",54,"Open","Firm","Young","M"
"BDS00645",54,"Open","Firm","Young","M"
"BDS00646",54,"Open","Foam","Young","M"
"BDS00647",54,"Open","Foam","Young","M"
"BDS00648",54,"Open","Foam","Young","M"
"BDS00649",55,"Open","Firm","Young","F"
"BDS00650",55,"Open","Firm","Young","F"
"BDS00651",55,"Open","Firm","Young","F"
"BDS00652",55,"Open","Foam","Young","F"
"BDS00653",55,"Open","Foam","Young","F"
"BDS00654",55,"Open","Foam","Young","F"
"BDS00655",55,"Closed","Firm","Young","F"
"BDS00656",55,"Closed","Firm","Young","F"
"BDS00657",55,"Closed","Firm","Young","F"
"BDS00658",55,"Closed","Foam","Young","F"
"BDS00659",55,"Closed","Foam","Young","F"
"BDS00660",55,"Closed","Foam","Young","F"
"BDS00661",56,"Open","Firm","Old","F"
"BDS00662",56,"Open","Firm","Old","F"
"BDS00663",56,"Open","Firm","Old","F"
"BDS00664",56,"Closed","Foam","Old","F"
"BDS00665",56,"Closed","Foam","Old","F"
"BDS00666",56,"Closed","Foam","Old","F"
"BDS00667",56,"Open","Foam","Old","F"
"BDS00668",56,"Open","Foam","Old","F"
"BDS00669",56,"Open","Foam","Old","F"
"BDS00670",56,"Closed","Firm","Old","F"
"BDS00671",56,"Closed","Firm","Old","F"
"BDS00672",56,"Closed","Firm","Old","F"
"BDS00673",57,"Open","Foam","Young","F"
"BDS00674",57,"Open","Foam","Young","F"
"BDS00675",57,"Open","Foam","Young","F"
"BDS00676",57,"Closed","Foam","Young","F"
"BDS00677",57,"Closed","Foam","Young","F"
"BDS00678",57,"Closed","Foam","Young","F"
"BDS00679",57,"Open","Firm","Young","F"
"BDS00680",57,"Open","Firm","Young","F"
"BDS00681",57,"Open","Firm","Young","F"
"BDS00682",57,"Closed","Firm","Young","F"
"BDS00683",57,"Closed","Firm","Young","F"
"BDS00684",57,"Closed","Firm","Young","F"
"BDS00685",58,"Closed","Foam","Old","F"
"BDS00686",58,"Closed","Foam","Old","F"
"BDS00687",58,"Closed","Foam","Old","F"
"BDS00688",58,"Open","Firm","Old","F"
"BDS00689",58,"Open","Firm","Old","F"
"BDS00690",58,"Open","Firm","Old","F"
"BDS00691",58,"Closed","Firm","Old","F"
"BDS00692",58,"Closed","Firm","Old","F"
"BDS00693",58,"Closed","Firm","Old","F"
"BDS00694",58,"Open","Foam","Old","F"
"BDS00695",58,"Open","Foam","Old","F"
"BDS00696",58,"Open","Foam","Old","F"
"BDS00697",59,"Open","Firm","Old","M"
"BDS00698",59,"Open","Firm","Old","M"
"BDS00699",59,"Closed","Firm","Old","M"
"BDS00700",59,"Closed","Firm","Old","M"
"BDS00701",59,"Closed","Firm","Old","M"
"BDS00702",59,"Open","Firm","Old","M"
"BDS00709",60,"Open","Firm","Young","M"
"BDS00710",60,"Open","Firm","Young","M"
"BDS00711",60,"Open","Firm","Young","M"
"BDS00712",60,"Closed","Firm","Young","M"
"BDS00713",60,"Closed","Firm","Young","M"
"BDS00714",60,"Closed","Firm","Young","M"
"BDS00715",60,"Open","Foam","Young","M"
"BDS00716",60,"Open","Foam","Young","M"
"BDS00717",60,"Open","Foam","Young","M"
"BDS00721",61,"Closed","Firm","Young","F"
"BDS00722",61,"Closed","Firm","Young","F"
"BDS00723",61,"Closed","Firm","Young","F"
"BDS00724",61,"Open","Foam","Young","F"
"BDS00725",61,"Open","Foam","Young","F"
"BDS00726",61,"Open","Foam","Young","F"
"BDS00727",61,"Closed","Foam","Young","F"
"BDS00728",61,"Closed","Foam","Young","F"
"BDS00729",61,"Closed","Foam","Young","F"
"BDS00730",61,"Open","Firm","Young","F"
"BDS00731",61,"Open","Firm","Young","F"
"BDS00732",61,"Open","Firm","Young","F"
"BDS00733",62,"Closed","Foam","Young","M"
"BDS00734",62,"Closed","Foam","Young","M"
"BDS00735",62,"Closed","Foam","Young","M"
"BDS00736",62,"Open","Foam","Young","M"
"BDS00737",62,"Open","Foam","Young","M"
"BDS00738",62,"Open","Foam","Young","M"
"BDS00739",62,"Closed","Firm","Young","M"
"BDS00740",62,"Closed","Firm","Young","M"
"BDS00741",62,"Closed","Firm","Young","M"
"BDS00742",62,"Open","Firm","Young","M"
"BDS00743",62,"Open","Firm","Young","M"
"BDS00744",62,"Open","Firm","Young","M"
"BDS00745",63,"Closed","Foam","Young","F"
"BDS00746",63,"Closed","Foam","Young","F"
"BDS00747",63,"Closed","Foam","Young","F"
"BDS00748",63,"Open","Firm","Young","F"
"BDS00749",63,"Open","Firm","Young","F"
"BDS00750",63,"Open","Firm","Young","F"
"BDS00751",63,"Closed","Firm","Young","F"
"BDS00752",63,"Closed","Firm","Young","F"
"BDS00753",63,"Closed","Firm","Young","F"
"BDS00754",63,"Open","Foam","Young","F"
"BDS00755",63,"Open","Foam","Young","F"
"BDS00756",63,"Open","Foam","Young","F"
"BDS00757",64,"Open","Firm","Old","F"
"BDS00758",64,"Open","Firm","Old","F"
"BDS00759",64,"Open","Firm","Old","F"
"BDS00760",64,"Open","Foam","Old","F"
"BDS00761",64,"Open","Foam","Old","F"
"BDS00762",64,"Open","Foam","Old","F"
"BDS00763",64,"Closed","Firm","Old","F"
"BDS00764",64,"Closed","Firm","Old","F"
"BDS00765",64,"Closed","Firm","Old","F"
"BDS00766",64,"Closed","Foam","Old","F"
"BDS00767",64,"Closed","Foam","Old","F"
"BDS00768",64,"Closed","Foam","Old","F"
"BDS00769",65,"Open","Firm","Old","F"
"BDS00770",65,"Open","Firm","Old","F"
"BDS00771",65,"Open","Firm","Old","F"
"BDS00772",65,"Closed","Foam","Old","F"
"BDS00773",65,"Closed","Foam","Old","F"
"BDS00774",65,"Closed","Foam","Old","F"
"BDS00775",65,"Closed","Firm","Old","F"
"BDS00776",65,"Closed","Firm","Old","F"
"BDS00777",65,"Closed","Firm","Old","F"
"BDS00778",65,"Open","Foam","Old","F"
"BDS00779",65,"Open","Foam","Old","F"
"BDS00780",65,"Open","Foam","Old","F"
"BDS00781",66,"Closed","Foam","Young","M"
"BDS00782",66,"Closed","Foam","Young","M"
"BDS00783",66,"Closed","Foam","Young","M"
"BDS00784",66,"Open","Foam","Young","M"
"BDS00785",66,"Open","Foam","Young","M"
"BDS00786",66,"Open","Foam","Young","M"
"BDS00787",66,"Closed","Firm","Young","M"
"BDS00788",66,"Closed","Firm","Young","M"
"BDS00789",66,"Closed","Firm","Young","M"
"BDS00790",66,"Open","Firm","Young","M"
"BDS00791",66,"Open","Firm","Young","M"
"BDS00792",66,"Open","Firm","Young","M"
"BDS00793",67,"Closed","Firm","Old","M"
"BDS00794",67,"Closed","Firm","Old","M"
"BDS00795",67,"Closed","Firm","Old","M"
"BDS00796",67,"Open","Firm","Old","M"
"BDS00797",67,"Open","Firm","Old","M"
"BDS00798",67,"Open","Firm","Old","M"
"BDS00799",67,"Closed","Foam","Old","M"
"BDS00800",67,"Closed","Foam","Old","M"
"BDS00801",67,"Closed","Foam","Old","M"
"BDS00802",67,"Open","Foam","Old","M"
"BDS00803",67,"Open","Foam","Old","M"
"BDS00804",67,"Open","Foam","Old","M"
"BDS00805",68,"Open","Firm","Old","M"
"BDS00806",68,"Open","Firm","Old","M"
"BDS00807",68,"Open","Firm","Old","M"
"BDS00808",68,"Closed","Foam","Old","M"
"BDS00809",68,"Closed","Foam","Old","M"
"BDS00810",68,"Closed","Foam","Old","M"
"BDS00811",68,"Open","Foam","Old","M"
"BDS00812",68,"Open","Foam","Old","M"
"BDS00813",68,"Open","Foam","Old","M"
"BDS00814",68,"Closed","Firm","Old","M"
"BDS00815",68,"Closed","Firm","Old","M"
"BDS00816",68,"Closed","Firm","Old","M"
"BDS00817",69,"Closed","Foam","Old","F"
"BDS00818",69,"Closed","Foam","Old","F"
"BDS00819",69,"Closed","Foam","Old","F"
"BDS00820",69,"Open","Foam","Old","F"
"BDS00821",69,"Open","Foam","Old","F"
"BDS00822",69,"Open","Foam","Old","F"
"BDS00823",69,"Closed","Firm","Old","F"
"BDS00824",69,"Closed","Firm","Old","F"
"BDS00825",69,"Closed","Firm","Old","F"
"BDS00826",69,"Open","Firm","Old","F"
"BDS00827",69,"Open","Firm","Old","F"
"BDS00828",69,"Open","Firm","Old","F"
"BDS00829",70,"Open","Firm","Old","F"
"BDS00830",70,"Open","Firm","Old","F"
"BDS00831",70,"Open","Firm","Old","F"
"BDS00832",70,"Closed","Foam","Old","F"
"BDS00833",70,"Closed","Foam","Old","F"
"BDS00834",70,"Closed","Foam","Old","F"
"BDS00835",70,"Open","Foam","Old","F"
"BDS00836",70,"Open","Foam","Old","F"
"BDS00837",70,"Open","Foam","Old","F"
"BDS00838",70,"Closed","Firm","Old","F"
"BDS00839",70,"Closed","Firm","Old","F"
"BDS00840",70,"Closed","Firm","Old","F"
"BDS00841",71,"Closed","Firm","Old","F"
"BDS00842",71,"Closed","Firm","Old","F"
"BDS00843",71,"Closed","Firm","Old","F"
"BDS00844",71,"Open","Foam","Old","F"
"BDS00845",71,"Open","Foam","Old","F"
"BDS00846",71,"Open","Foam","Old","F"
"BDS00847",71,"Closed","Foam","Old","F"
"BDS00848",71,"Closed","Foam","Old","F"
"BDS00849",71,"Closed","Foam","Old","F"
"BDS00850",71,"Open","Firm","Old","F"
"BDS00851",71,"Open","Firm","Old","F"
"BDS00852",71,"Open","Firm","Old","F"
"BDS00853",72,"Open","Foam","Old","F"
"BDS00854",72,"Open","Foam","Old","F"
"BDS00855",72,"Open","Foam","Old","F"
"BDS00856",72,"Closed","Firm","Old","F"
"BDS00857",72,"Closed","Firm","Old","F"
"BDS00858",72,"Closed","Firm","Old","F"
"BDS00859",72,"Closed","Foam","Old","F"
"BDS00860",72,"Closed","Foam","Old","F"
"BDS00861",72,"Closed","Foam","Old","F"
"BDS00862",72,"Open","Firm","Old","F"
"BDS00863",72,"Open","Firm","Old","F"
"BDS00864",72,"Open","Firm","Old","F"
"BDS00865",73,"Open","Firm","Old","F"
"BDS00866",73,"Open","Firm","Old","F"
"BDS00867",73,"Open","Firm","Old","F"
"BDS00868",73,"Open","Foam","Old","F"
"BDS00869",73,"Open","Foam","Old","F"
"BDS00870",73,"Open","Foam","Old","F"
"BDS00871",73,"Closed","Foam","Old","F"
"BDS00872",73,"Closed","Foam","Old","F"
"BDS00873",73,"Closed","Foam","Old","F"
"BDS00874",73,"Closed","Firm","Old","F"
"BDS00875",73,"Closed","Firm","Old","F"
"BDS00876",73,"Closed","Firm","Old","F"
"BDS00877",74,"Open","Firm","Old","F"
"BDS00878",74,"Open","Firm","Old","F"
"BDS00879",74,"Open","Firm","Old","F"
"BDS00880",74,"Open","Foam","Old","F"
"BDS00881",74,"Open","Foam","Old","F"
"BDS00882",74,"Open","Foam","Old","F"
"BDS00883",74,"Closed","Firm","Old","F"
"BDS00884",74,"Closed","Firm","Old","F"
"BDS00885",74,"Closed","Firm","Old","F"
"BDS00886",74,"Closed","Foam","Old","F"
"BDS00887",74,"Closed","Foam","Old","F"
"BDS00888",74,"Closed","Foam","Old","F"
"BDS00889",75,"Closed","Firm","Old","F"
"BDS00890",75,"Closed","Firm","Old","F"
"BDS00891",75,"Closed","Firm","Old","F"
"BDS00892",75,"Open","Firm","Old","F"
"BDS00893",75,"Open","Firm","Old","F"
"BDS00894",75,"Open","Firm","Old","F"
"BDS00895",75,"Open","Foam","Old","F"
"BDS00896",75,"Open","Foam","Old","F"
"BDS00897",75,"Open","Foam","Old","F"
"BDS00898",75,"Closed","Foam","Old","F"
"BDS00899",75,"Closed","Foam","Old","F"
"BDS00900",75,"Closed","Foam","Old","F"
"BDS00901",76,"Closed","Foam","Old","M"
"BDS00902",76,"Closed","Foam","Old","M"
"BDS00903",76,"Closed","Foam","Old","M"
"BDS00904",76,"Open","Firm","Old","M"
"BDS00905",76,"Open","Firm","Old","M"
"BDS00906",76,"Open","Firm","Old","M"
"BDS00907",76,"Closed","Firm","Old","M"
"BDS00908",76,"Closed","Firm","Old","M"
"BDS00909",76,"Closed","Firm","Old","M"
"BDS00910",76,"Open","Foam","Old","M"
"BDS00911",76,"Open","Foam","Old","M"
"BDS00912",76,"Open","Foam","Old","M"
"BDS00913",77,"Closed","Firm","Old","F"
"BDS00914",77,"Closed","Firm","Old","F"
"BDS00915",77,"Closed","Firm","Old","F"
"BDS00916",77,"Closed","Foam","Old","F"
"BDS00917",77,"Closed","Foam","Old","F"
"BDS00918",77,"Closed","Foam","Old","F"
"BDS00919",77,"Open","Firm","Old","F"
"BDS00920",77,"Open","Firm","Old","F"
"BDS00921",77,"Open","Firm","Old","F"
"BDS00922",77,"Open","Foam","Old","F"
"BDS00923",77,"Open","Foam","Old","F"
"BDS00924",77,"Open","Foam","Old","F"
"BDS00925",78,"Open","Foam","Old","F"
"BDS00926",78,"Open","Foam","Old","F"
"BDS00927",78,"Open","Foam","Old","F"
"BDS00928",78,"Closed","Firm","Old","F"
"BDS00929",78,"Closed","Firm","Old","F"
"BDS00930",78,"Closed","Firm","Old","F"
"BDS00931",78,"Open","Firm","Old","F"
"BDS00932",78,"Open","Firm","Old","F"
"BDS00933",78,"Open","Firm","Old","F"
"BDS00934",78,"Closed","Foam","Old","F"
"BDS00935",78,"Closed","Foam","Old","F"
"BDS00936",78,"Closed","Foam","Old","F"
"BDS00937",79,"Closed","Foam","Old","F"
"BDS00938",79,"Closed","Foam","Old","F"
"BDS00939",79,"Closed","Foam","Old","F"
"BDS00940",79,"Closed","Firm","Old","F"
"BDS00941",79,"Closed","Firm","Old","F"
"BDS00942",79,"Closed","Firm","Old","F"
"BDS00943",79,"Open","Firm","Old","F"
"BDS00944",79,"Open","Firm","Old","F"
"BDS00945",79,"Open","Firm","Old","F"
"BDS00946",79,"Open","Foam","Old","F"
"BDS00947",79,"Open","Foam","Old","F"
"BDS00948",79,"Open","Foam","Old","F"
"BDS00949",80,"Open","Foam","Young","F"
"BDS00950",80,"Open","Foam","Young","F"
"BDS00951",80,"Open","Foam","Young","F"
"BDS00952",80,"Open","Firm","Young","F"
"BDS00953",80,"Open","Firm","Young","F"
"BDS00954",80,"Open","Firm","Young","F"
"BDS00955",80,"Closed","Firm","Young","F"
"BDS00956",80,"Closed","Firm","Young","F"
"BDS00957",80,"Closed","Firm","Young","F"
"BDS00958",80,"Closed","Foam","Young","F"
"BDS00959",80,"Closed","Foam","Young","F"
"BDS00960",80,"Closed","Foam","Young","F"
"BDS00961",81,"Open","Foam","Old","F"
"BDS00962",81,"Open","Foam","Old","F"
"BDS00963",81,"Open","Foam","Old","F"
"BDS00964",81,"Closed","Foam","Old","F"
"BDS00965",81,"Closed","Foam","Old","F"
"BDS00966",81,"Closed","Firm","Old","F"
"BDS00967",81,"Closed","Firm","Old","F"
"BDS00968",81,"Closed","Firm","Old","F"
"BDS00969",81,"Open","Firm","Old","F"
"BDS00970",81,"Open","Firm","Old","F"
"BDS00971",81,"Open","Firm","Old","F"
"BDS00972",81,"Closed","Foam","Old","F"
"BDS00973",82,"Closed","Foam","Old","F"
"BDS00974",82,"Closed","Foam","Old","F"
"BDS00975",82,"Closed","Foam","Old","F"
"BDS00976",82,"Open","Firm","Old","F"
"BDS00977",82,"Open","Firm","Old","F"
"BDS00978",82,"Open","Firm","Old","F"
"BDS00979",82,"Open","Foam","Old","F"
"BDS00980",82,"Open","Foam","Old","F"
"BDS00981",82,"Open","Foam","Old","F"
"BDS00982",82,"Closed","Firm","Old","F"
"BDS00983",82,"Closed","Firm","Old","F"
"BDS00984",82,"Closed","Firm","Old","F"
"BDS00985",83,"Closed","Foam","Old","M"
"BDS00986",83,"Closed","Foam","Old","M"
"BDS00987",83,"Closed","Foam","Old","M"
"BDS00988",83,"Closed","Firm","Old","M"
"BDS00989",83,"Closed","Firm","Old","M"
"BDS00990",83,"Closed","Firm","Old","M"
"BDS00991",83,"Open","Foam","Old","M"
"BDS00992",83,"Open","Foam","Old","M"
"BDS00993",83,"Open","Foam","Old","M"
"BDS00994",83,"Open","Firm","Old","M"
"BDS00995",83,"Open","Firm","Old","M"
"BDS00996",83,"Open","Firm","Old","M"
"BDS00997",84,"Closed","Foam","Old","F"
"BDS00998",84,"Closed","Foam","Old","F"
"BDS00999",84,"Closed","Foam","Old","F"
"BDS01000",84,"Closed","Firm","Old","F"
"BDS01001",84,"Closed","Firm","Old","F"
"BDS01002",84,"Closed","Firm","Old","F"
"BDS01003",84,"Open","Foam","Old","F"
"BDS01004",84,"Open","Foam","Old","F"
"BDS01005",84,"Open","Foam","Old","F"
"BDS01006",84,"Open","Firm","Old","F"
"BDS01007",84,"Open","Firm","Old","F"
"BDS01008",84,"Open","Firm","Old","F"
"BDS01009",85,"Closed","Foam","Old","F"
"BDS01010",85,"Closed","Foam","Old","F"
"BDS01011",85,"Open","Foam","Old","F"
"BDS01012",85,"Open","Foam","Old","F"
"BDS01013",85,"Open","Foam","Old","F"
"BDS01014",85,"Open","Firm","Old","F"
"BDS01015",85,"Open","Firm","Old","F"
"BDS01016",85,"Open","Firm","Old","F"
"BDS01017",85,"Closed","Firm","Old","F"
"BDS01018",85,"Closed","Firm","Old","F"
"BDS01019",85,"Closed","Firm","Old","F"
"BDS01020",85,"Closed","Foam","Old","F"
"BDS01021",86,"Open","Firm","Old","F"
"BDS01022",86,"Open","Firm","Old","F"
"BDS01023",86,"Open","Firm","Old","F"
"BDS01024",86,"Closed","Firm","Old","F"
"BDS01025",86,"Closed","Firm","Old","F"
"BDS01026",86,"Closed","Firm","Old","F"
"BDS01033",87,"Open","Firm","Old","F"
"BDS01034",87,"Open","Firm","Old","F"
"BDS01035",87,"Open","Firm","Old","F"
"BDS01036",87,"Open","Foam","Old","F"
"BDS01037",87,"Open","Foam","Old","F"
"BDS01038",87,"Open","Foam","Old","F"
"BDS01039",87,"Closed","Foam","Old","F"
"BDS01040",87,"Closed","Foam","Old","F"
"BDS01041",87,"Closed","Foam","Old","F"
"BDS01042",87,"Closed","Firm","Old","F"
"BDS01043",87,"Closed","Firm","Old","F"
"BDS01044",87,"Closed","Firm","Old","F"
"BDS01045",88,"Closed","Firm","Old","F"
"BDS01046",88,"Closed","Firm","Old","F"
"BDS01047",88,"Closed","Firm","Old","F"
"BDS01048",88,"Open","Firm","Old","F"
"BDS01049",88,"Open","Firm","Old","F"
"BDS01050",88,"Open","Firm","Old","F"
"BDS01051",88,"Open","Foam","Old","F"
"BDS01052",88,"Open","Foam","Old","F"
"BDS01053",88,"Open","Foam","Old","F"
"BDS01054",88,"Closed","Foam","Old","F"
"BDS01055",88,"Closed","Foam","Old","F"
"BDS01056",88,"Closed","Foam","Old","F"
"BDS01057",89,"Closed","Foam","Young","M"
"BDS01058",89,"Closed","Foam","Young","M"
"BDS01059",89,"Closed","Foam","Young","M"
"BDS01060",89,"Closed","Firm","Young","M"
"BDS01061",89,"Closed","Firm","Young","M"
"BDS01062",89,"Closed","Firm","Young","M"
"BDS01063",89,"Open","Foam","Young","M"
"BDS01064",89,"Open","Foam","Young","M"
"BDS01065",89,"Open","Foam","Young","M"
"BDS01066",89,"Open","Firm","Young","M"
"BDS01067",89,"Open","Firm","Young","M"
"BDS01068",89,"Open","Firm","Young","M"
"BDS01069",90,"Open","Foam","Young","M"
"BDS01070",90,"Open","Foam","Young","M"
"BDS01071",90,"Open","Foam","Young","M"
"BDS01072",90,"Open","Firm","Young","M"
"BDS01073",90,"Open","Firm","Young","M"
"BDS01074",90,"Open","Firm","Young","M"
"BDS01075",90,"Closed","Foam","Young","M"
"BDS01076",90,"Closed","Foam","Young","M"
"BDS01077",90,"Closed","Foam","Young","M"
"BDS01078",90,"Closed","Firm","Young","M"
"BDS01079",90,"Closed","Firm","Young","M"
"BDS01080",90,"Closed","Firm","Young","M"
"BDS01081",91,"Open","Firm","Old","F"
"BDS01082",91,"Open","Firm","Old","F"
"BDS01083",91,"Open","Firm","Old","F"
"BDS01084",91,"Closed","Foam","Old","F"
"BDS01085",91,"Closed","Foam","Old","F"
"BDS01086",91,"Closed","Foam","Old","F"
"BDS01087",91,"Open","Foam","Old","F"
"BDS01088",91,"Open","Foam","Old","F"
"BDS01089",91,"Open","Foam","Old","F"
"BDS01090",91,"Closed","Firm","Old","F"
"BDS01091",91,"Closed","Firm","Old","F"
"BDS01092",91,"Closed","Firm","Old","F"
"BDS01093",92,"Open","Firm","Old","F"
"BDS01094",92,"Open","Firm","Old","F"
"BDS01095",92,"Open","Firm","Old","F"
"BDS01096",92,"Open","Foam","Old","F"
"BDS01097",92,"Open","Foam","Old","F"
"BDS01098",92,"Open","Foam","Old","F"
"BDS01099",92,"Closed","Foam","Old","F"
"BDS01100",92,"Closed","Firm","Old","F"
"BDS01101",92,"Closed","Firm","Old","F"
"BDS01102",92,"Closed","Firm","Old","F"
"BDS01103",92,"Closed","Foam","Old","F"
"BDS01104",92,"Closed","Foam","Old","F"
"BDS01105",93,"Closed","Firm","Old","M"
"BDS01106",93,"Closed","Firm","Old","M"
"BDS01107",93,"Closed","Firm","Old","M"
"BDS01108",93,"Open","Foam","Old","M"
"BDS01109",93,"Open","Foam","Old","M"
"BDS01110",93,"Open","Foam","Old","M"
"BDS01111",93,"Closed","Foam","Old","M"
"BDS01112",93,"Closed","Foam","Old","M"
"BDS01113",93,"Closed","Foam","Old","M"
"BDS01114",93,"Open","Firm","Old","M"
"BDS01115",93,"Open","Firm","Old","M"
"BDS01116",93,"Open","Firm","Old","M"
"BDS01117",94,"Open","Firm","Old","F"
"BDS01118",94,"Open","Firm","Old","F"
"BDS01119",94,"Open","Firm","Old","F"
"BDS01120",94,"Closed","Firm","Old","F"
"BDS01121",94,"Closed","Firm","Old","F"
"BDS01122",94,"Closed","Firm","Old","F"
"BDS01123",94,"Open","Foam","Old","F"
"BDS01124",94,"Open","Foam","Old","F"
"BDS01125",94,"Open","Foam","Old","F"
"BDS01126",94,"Closed","Foam","Old","F"
"BDS01127",94,"Closed","Foam","Old","F"
"BDS01128",94,"Closed","Foam","Old","F"
"BDS01129",95,"Open","Firm","Old","F"
"BDS01130",95,"Open","Firm","Old","F"
"BDS01131",95,"Open","Firm","Old","F"
"BDS01132",95,"Closed","Foam","Old","F"
"BDS01133",95,"Closed","Foam","Old","F"
"BDS01134",95,"Closed","Foam","Old","F"
"BDS01135",95,"Open","Foam","Old","F"
"BDS01136",95,"Open","Foam","Old","F"
"BDS01137",95,"Open","Foam","Old","F"
"BDS01138",95,"Closed","Firm","Old","F"
"BDS01139",95,"Closed","Firm","Old","F"
"BDS01140",95,"Closed","Firm","Old","F"
"BDS01141",96,"Closed","Foam","Old","M"
"BDS01142",96,"Closed","Foam","Old","M"
"BDS01143",96,"Closed","Foam","Old","M"
"BDS01144",96,"Open","Firm","Old","M"
"BDS01145",96,"Open","Firm","Old","M"
"BDS01146",96,"Open","Firm","Old","M"
"BDS01147",96,"Closed","Firm","Old","M"
"BDS01148",96,"Closed","Firm","Old","M"
"BDS01149",96,"Closed","Firm","Old","M"
"BDS01150",96,"Open","Foam","Old","M"
"BDS01151",96,"Open","Foam","Old","M"
"BDS01152",96,"Open","Foam","Old","M"
"BDS01153",97,"Closed","Firm","Young","M"
"BDS01154",97,"Closed","Firm","Young","M"
"BDS01155",97,"Closed","Firm","Young","M"
"BDS01156",97,"Open","Firm","Young","M"
"BDS01157",97,"Open","Firm","Young","M"
"BDS01158",97,"Open","Firm","Young","M"
"BDS01159",97,"Closed","Foam","Young","M"
"BDS01160",97,"Closed","Foam","Young","M"
"BDS01161",97,"Closed","Foam","Young","M"
"BDS01162",97,"Open","Foam","Young","M"
"BDS01163",97,"Open","Foam","Young","M"
"BDS01164",97,"Open","Foam","Young","M"
"BDS01165",98,"Open","Foam","Old","M"
"BDS01166",98,"Open","Foam","Old","M"
"BDS01167",98,"Open","Foam","Old","M"
"BDS01168",98,"Open","Firm","Old","M"
"BDS01169",98,"Open","Firm","Old","M"
"BDS01170",98,"Open","Firm","Old","M"
"BDS01171",98,"Closed","Foam","Old","M"
"BDS01172",98,"Closed","Foam","Old","M"
"BDS01173",98,"Closed","Foam","Old","M"
"BDS01174",98,"Closed","Firm","Old","M"
"BDS01175",98,"Closed","Firm","Old","M"
"BDS01176",98,"Closed","Firm","Old","M"
"BDS01177",99,"Open","Foam","Young","F"
"BDS01178",99,"Open","Foam","Young","F"
"BDS01179",99,"Open","Foam","Young","F"
"BDS01180",99,"Open","Firm","Young","F"
"BDS01181",99,"Open","Firm","Young","F"
"BDS01182",99,"Open","Firm","Young","F"
"BDS01183",99,"Closed","Firm","Young","F"
"BDS01184",99,"Closed","Firm","Young","F"
"BDS01185",99,"Closed","Firm","Young","F"
"BDS01186",99,"Closed","Foam","Young","F"
"BDS01187",99,"Closed","Foam","Young","F"
"BDS01188",99,"Closed","Foam","Young","F"
"BDS01189",100,"Open","Foam","Old","F"
"BDS01190",100,"Open","Foam","Old","F"
"BDS01191",100,"Open","Foam","Old","F"
"BDS01192",100,"Open","Firm","Old","F"
"BDS01193",100,"Open","Firm","Old","F"
"BDS01194",100,"Open","Firm","Old","F"
"BDS01195",100,"Closed","Foam","Old","F"
"BDS01196",100,"Closed","Foam","Old","F"
"BDS01197",100,"Closed","Foam","Old","F"
"BDS01198",100,"Closed","Firm","Old","F"
"BDS01199",100,"Closed","Firm","Old","F"
"BDS01200",100,"Closed","Firm","Old","F"
"BDS01201",101,"Open","Firm","Young","F"
"BDS01202",101,"Open","Firm","Young","F"
"BDS01203",101,"Open","Firm","Young","F"
"BDS01204",101,"Closed","Firm","Young","F"
"BDS01205",101,"Closed","Firm","Young","F"
"BDS01206",101,"Closed","Firm","Young","F"
"BDS01207",101,"Closed","Foam","Young","F"
"BDS01208",101,"Closed","Foam","Young","F"
"BDS01209",101,"Closed","Foam","Young","F"
"BDS01210",101,"Open","Foam","Young","F"
"BDS01211",101,"Open","Foam","Young","F"
"BDS01212",101,"Open","Foam","Young","F"
"BDS01213",102,"Closed","Foam","Old","F"
"BDS01214",102,"Closed","Foam","Old","F"
"BDS01215",102,"Closed","Foam","Old","F"
"BDS01216",102,"Closed","Firm","Old","F"
"BDS01217",102,"Closed","Firm","Old","F"
"BDS01218",102,"Closed","Firm","Old","F"
"BDS01219",102,"Open","Firm","Old","F"
"BDS01220",102,"Open","Firm","Old","F"
"BDS01221",102,"Open","Firm","Old","F"
"BDS01222",102,"Open","Foam","Old","F"
"BDS01223",102,"Open","Foam","Old","F"
"BDS01224",102,"Open","Foam","Old","F"
"BDS01225",103,"Closed","Firm","Old","F"
"BDS01226",103,"Closed","Firm","Old","F"
"BDS01227",103,"Closed","Firm","Old","F"
"BDS01228",103,"Open","Foam","Old","F"
"BDS01229",103,"Open","Foam","Old","F"
"BDS01230",103,"Open","Foam","Old","F"
"BDS01231",103,"Closed","Foam","Old","F"
"BDS01232",103,"Closed","Foam","Old","F"
"BDS01233",103,"Closed","Foam","Old","F"
"BDS01234",103,"Open","Firm","Old","F"
"BDS01235",103,"Open","Firm","Old","F"
"BDS01236",103,"Open","Firm","Old","F"
"BDS01237",104,"Closed","Foam","Old","F"
"BDS01238",104,"Closed","Foam","Old","F"
"BDS01239",104,"Closed","Foam","Old","F"
"BDS01240",104,"Closed","Firm","Old","F"
"BDS01241",104,"Closed","Firm","Old","F"
"BDS01242",104,"Closed","Firm","Old","F"
"BDS01243",104,"Open","Foam","Old","F"
"BDS01244",104,"Open","Foam","Old","F"
"BDS01245",104,"Open","Foam","Old","F"
"BDS01246",104,"Open","Firm","Old","F"
"BDS01247",104,"Open","Firm","Old","F"
"BDS01248",104,"Open","Firm","Old","F"
"BDS01249",105,"Open","Foam","Old","F"
"BDS01250",105,"Open","Foam","Old","F"
"BDS01251",105,"Open","Foam","Old","F"
"BDS01252",105,"Closed","Firm","Old","F"
"BDS01253",105,"Closed","Firm","Old","F"
"BDS01254",105,"Closed","Firm","Old","F"
"BDS01255",105,"Closed","Foam","Old","F"
"BDS01256",105,"Closed","Foam","Old","F"
"BDS01257",105,"Closed","Foam","Old","F"
"BDS01258",105,"Open","Firm","Old","F"
"BDS01259",105,"Open","Firm","Old","F"
"BDS01260",105,"Open","Firm","Old","F"
"BDS01261",106,"Closed","Firm","Old","F"
"BDS01262",106,"Closed","Firm","Old","F"
"BDS01263",106,"Closed","Firm","Old","F"
"BDS01264",106,"Open","Foam","Old","F"
"BDS01265",106,"Open","Foam","Old","F"
"BDS01266",106,"Open","Foam","Old","F"
"BDS01267",106,"Open","Firm","Old","F"
"BDS01268",106,"Open","Firm","Old","F"
"BDS01269",106,"Open","Firm","Old","F"
"BDS01270",106,"Closed","Foam","Old","F"
"BDS01271",106,"Closed","Foam","Old","F"
"BDS01272",106,"Closed","Foam","Old","F"
"BDS01273",107,"Closed","Firm","Old","F"
"BDS01274",107,"Closed","Firm","Old","F"
"BDS01275",107,"Closed","Firm","Old","F"
"BDS01276",107,"Open","Foam","Old","F"
"BDS01277",107,"Open","Foam","Old","F"
"BDS01278",107,"Open","Foam","Old","F"
"BDS01279",107,"Open","Firm","Old","F"
"BDS01280",107,"Open","Firm","Old","F"
"BDS01281",107,"Open","Firm","Old","F"
"BDS01282",107,"Closed","Foam","Old","F"
"BDS01283",107,"Closed","Foam","Old","F"
"BDS01284",107,"Closed","Foam","Old","F"
"BDS01285",108,"Closed","Firm","Old","F"
"BDS01286",108,"Closed","Firm","Old","F"
"BDS01287",108,"Closed","Firm","Old","F"
"BDS01288",108,"Open","Foam","Old","F"
"BDS01289",108,"Open","Foam","Old","F"
"BDS01290",108,"Open","Foam","Old","F"
"BDS01291",108,"Closed","Foam","Old","F"
"BDS01292",108,"Closed","Foam","Old","F"
"BDS01293",108,"Closed","Foam","Old","F"
"BDS01294",108,"Open","Firm","Old","F"
"BDS01295",108,"Open","Firm","Old","F"
"BDS01296",108,"Open","Firm","Old","F"
"BDS01297",109,"Closed","Firm","Young","F"
"BDS01298",109,"Closed","Firm","Young","F"
"BDS01299",109,"Closed","Firm","Young","F"
"BDS01300",109,"Open","Foam","Young","F"
"BDS01301",109,"Open","Foam","Young","F"
"BDS01302",109,"Open","Foam","Young","F"
"BDS01303",109,"Closed","Foam","Young","F"
"BDS01304",109,"Closed","Foam","Young","F"
"BDS01305",109,"Closed","Foam","Young","F"
"BDS01306",109,"Open","Firm","Young","F"
"BDS01307",109,"Open","Firm","Young","F"
"BDS01308",109,"Open","Firm","Young","F"
"BDS01309",110,"Open","Foam","Old","F"
"BDS01310",110,"Open","Foam","Old","F"
"BDS01311",110,"Open","Foam","Old","F"
"BDS01312",110,"Closed","Firm","Old","F"
"BDS01313",110,"Closed","Firm","Old","F"
"BDS01314",110,"Closed","Firm","Old","F"
"BDS01315",110,"Open","Firm","Old","F"
"BDS01316",110,"Open","Firm","Old","F"
"BDS01317",110,"Open","Firm","Old","F"
"BDS01318",110,"Closed","Foam","Old","F"
"BDS01319",110,"Closed","Foam","Old","F"
"BDS01320",110,"Closed","Foam","Old","F"
"BDS01321",111,"Open","Foam","Old","F"
"BDS01322",111,"Open","Foam","Old","F"
"BDS01323",111,"Open","Foam","Old","F"
"BDS01324",111,"Closed","Foam","Old","F"
"BDS01325",111,"Closed","Foam","Old","F"
"BDS01326",111,"Closed","Foam","Old","F"
"BDS01327",111,"Open","Firm","Old","F"
"BDS01328",111,"Open","Firm","Old","F"
"BDS01329",111,"Open","Firm","Old","F"
"BDS01330",111,"Closed","Firm","Old","F"
"BDS01331",111,"Closed","Firm","Old","F"
"BDS01332",111,"Closed","Firm","Old","F"
"BDS01333",112,"Closed","Firm","Old","F"
"BDS01334",112,"Closed","Firm","Old","F"
"BDS01335",112,"Closed","Firm","Old","F"
"BDS01336",112,"Closed","Foam","Old","F"
"BDS01337",112,"Closed","Foam","Old","F"
"BDS01338",112,"Closed","Foam","Old","F"
"BDS01339",112,"Open","Firm","Old","F"
"BDS01340",112,"Open","Firm","Old","F"
"BDS01341",112,"Open","Firm","Old","F"
"BDS01342",112,"Open","Foam","Old","F"
"BDS01343",112,"Open","Foam","Old","F"
"BDS01344",112,"Open","Foam","Old","F"
"BDS01345",113,"Closed","Firm","Old","F"
"BDS01346",113,"Closed","Firm","Old","F"
"BDS01347",113,"Closed","Firm","Old","F"
"BDS01348",113,"Open","Firm","Old","F"
"BDS01349",113,"Open","Firm","Old","F"
"BDS01350",113,"Open","Firm","Old","F"
"BDS01351",113,"Open","Foam","Old","F"
"BDS01352",113,"Open","Foam","Old","F"
"BDS01353",113,"Open","Foam","Old","F"
"BDS01354",113,"Closed","Foam","Old","F"
"BDS01355",113,"Closed","Foam","Old","F"
"BDS01356",113,"Closed","Foam","Old","F"
"BDS01357",114,"Open","Firm","Young","F"
"BDS01358",114,"Open","Firm","Young","F"
"BDS01359",114,"Open","Firm","Young","F"
"BDS01360",114,"Closed","Firm","Young","F"
"BDS01361",114,"Closed","Firm","Young","F"
"BDS01362",114,"Closed","Firm","Young","F"
"BDS01363",114,"Closed","Foam","Young","F"
"BDS01364",114,"Closed","Foam","Young","F"
"BDS01365",114,"Closed","Foam","Young","F"
"BDS01366",114,"Open","Foam","Young","F"
"BDS01367",114,"Open","Foam","Young","F"
"BDS01368",114,"Open","Foam","Young","F"
"BDS01369",115,"Closed","Firm","Young","F"
"BDS01370",115,"Closed","Firm","Young","F"
"BDS01371",115,"Closed","Firm","Young","F"
"BDS01372",115,"Closed","Foam","Young","F"
"BDS01373",115,"Closed","Foam","Young","F"
"BDS01374",115,"Closed","Foam","Young","F"
"BDS01375",115,"Open","Foam","Young","F"
"BDS01376",115,"Open","Foam","Young","F"
"BDS01377",115,"Open","Foam","Young","F"
"BDS01378",115,"Open","Firm","Young","F"
"BDS01379",115,"Open","Firm","Young","F"
"BDS01380",115,"Open","Firm","Young","F"
"BDS01381",116,"Open","Foam","Young","F"
"BDS01382",116,"Open","Foam","Young","F"
"BDS01383",116,"Open","Foam","Young","F"
"BDS01384",116,"Closed","Foam","Young","F"
"BDS01385",116,"Closed","Foam","Young","F"
"BDS01386",116,"Closed","Foam","Young","F"
"BDS01387",116,"Closed","Firm","Young","F"
"BDS01388",116,"Closed","Firm","Young","F"
"BDS01389",116,"Closed","Firm","Young","F"
"BDS01390",116,"Open","Firm","Young","F"
"BDS01391",116,"Open","Firm","Young","F"
"BDS01392",116,"Open","Firm","Young","F"
"BDS01393",117,"Open","Foam","Young","F"
"BDS01394",117,"Open","Foam","Young","F"
"BDS01395",117,"Open","Foam","Young","F"
"BDS01396",117,"Open","Firm","Young","F"
"BDS01397",117,"Open","Firm","Young","F"
"BDS01398",117,"Open","Firm","Young","F"
"BDS01399",117,"Closed","Firm","Young","F"
"BDS01400",117,"Closed","Firm","Young","F"
"BDS01401",117,"Closed","Firm","Young","F"
"BDS01402",117,"Closed","Foam","Young","F"
"BDS01403",117,"Closed","Foam","Young","F"
"BDS01404",117,"Closed","Foam","Young","F"
"BDS01405",118,"Closed","Firm","Young","F"
"BDS01406",118,"Closed","Firm","Young","F"
"BDS01407",118,"Closed","Firm","Young","F"
"BDS01408",118,"Closed","Foam","Young","F"
"BDS01409",118,"Closed","Foam","Young","F"
"BDS01410",118,"Closed","Foam","Young","F"
"BDS01411",118,"Open","Foam","Young","F"
"BDS01412",118,"Open","Foam","Young","F"
"BDS01413",118,"Open","Foam","Young","F"
"BDS01414",118,"Open","Firm","Young","F"
"BDS01415",118,"Open","Firm","Young","F"
"BDS01416",118,"Open","Firm","Young","F"
"BDS01417",119,"Open","Foam","Young","F"
"BDS01418",119,"Open","Foam","Young","F"
"BDS01419",119,"Open","Foam","Young","F"
"BDS01420",119,"Open","Firm","Young","F"
"BDS01421",119,"Open","Firm","Young","F"
"BDS01422",119,"Open","Firm","Young","F"
"BDS01423",119,"Closed","Firm","Young","F"
"BDS01424",119,"Closed","Firm","Young","F"
"BDS01425",119,"Closed","Firm","Young","F"
"BDS01426",119,"Closed","Foam","Young","F"
"BDS01427",119,"Closed","Foam","Young","F"
"BDS01428",119,"Closed","Foam","Young","F"
"BDS01429",120,"Open","Foam","Old","F"
"BDS01430",120,"Open","Foam","Old","F"
"BDS01431",120,"Open","Foam","Old","F"
"BDS01432",120,"Closed","Firm","Old","F"
"BDS01433",120,"Closed","Firm","Old","F"
"BDS01434",120,"Closed","Firm","Old","F"
"BDS01435",120,"Closed","Foam","Old","F"
"BDS01436",120,"Closed","Foam","Old","F"
"BDS01437",120,"Closed","Foam","Old","F"
"BDS01438",120,"Open","Firm","Old","F"
"BDS01439",120,"Open","Firm","Old","F"
"BDS01440",120,"Open","Firm","Old","F"
"BDS01441",121,"Closed","Foam","Old","F"
"BDS01442",121,"Closed","Foam","Old","F"
"BDS01443",121,"Closed","Foam","Old","F"
"BDS01444",121,"Open","Foam","Old","F"
"BDS01445",121,"Open","Foam","Old","F"
"BDS01446",121,"Open","Foam","Old","F"
"BDS01447",121,"Closed","Firm","Old","F"
"BDS01448",121,"Closed","Firm","Old","F"
"BDS01449",121,"Closed","Firm","Old","F"
"BDS01450",121,"Open","Firm","Old","F"
"BDS01451",121,"Open","Firm","Old","F"
"BDS01452",121,"Open","Firm","Old","F"
"BDS01453",122,"Open","Firm","Old","M"
"BDS01454",122,"Open","Firm","Old","M"
"BDS01455",122,"Open","Firm","Old","M"
"BDS01456",122,"Closed","Firm","Old","M"
"BDS01465",123,"Open","Firm","Young","F"
"BDS01466",123,"Open","Firm","Young","F"
"BDS01467",123,"Open","Firm","Young","F"
"BDS01468",123,"Closed","Firm","Young","F"
"BDS01469",123,"Closed","Firm","Young","F"
"BDS01470",123,"Closed","Firm","Young","F"
"BDS01471",123,"Open","Foam","Young","F"
"BDS01472",123,"Open","Foam","Young","F"
"BDS01473",123,"Open","Foam","Young","F"
"BDS01474",123,"Closed","Foam","Young","F"
"BDS01475",123,"Closed","Foam","Young","F"
"BDS01476",123,"Closed","Foam","Young","F"
"BDS01477",124,"Open","Foam","Young","F"
"BDS01478",124,"Open","Foam","Young","F"
"BDS01479",124,"Open","Foam","Young","F"
"BDS01480",124,"Closed","Foam","Young","F"
"BDS01481",124,"Closed","Foam","Young","F"
"BDS01482",124,"Closed","Foam","Young","F"
"BDS01483",124,"Open","Firm","Young","F"
"BDS01484",124,"Open","Firm","Young","F"
"BDS01485",124,"Open","Firm","Young","F"
"BDS01486",124,"Closed","Firm","Young","F"
"BDS01487",124,"Closed","Firm","Young","F"
"BDS01488",124,"Closed","Firm","Young","F"
"BDS01489",125,"Open","Firm","Young","F"
"BDS01490",125,"Open","Firm","Young","F"
"BDS01491",125,"Open","Firm","Young","F"
"BDS01492",125,"Closed","Firm","Young","F"
"BDS01493",125,"Closed","Firm","Young","F"
"BDS01494",125,"Closed","Firm","Young","F"
"BDS01495",125,"Open","Foam","Young","F"
"BDS01496",125,"Open","Foam","Young","F"
"BDS01497",125,"Open","Foam","Young","F"
"BDS01498",125,"Closed","Foam","Young","F"
"BDS01499",125,"Closed","Foam","Young","F"
"BDS01500",125,"Closed","Foam","Young","F"
"BDS01501",126,"Closed","Foam","Young","F"
"BDS01502",126,"Closed","Foam","Young","F"
"BDS01503",126,"Closed","Foam","Young","F"
"BDS01504",126,"Open","Firm","Young","F"
"BDS01505",126,"Open","Firm","Young","F"
"BDS01506",126,"Open","Firm","Young","F"
"BDS01507",126,"Open","Foam","Young","F"
"BDS01508",126,"Open","Foam","Young","F"
"BDS01509",126,"Open","Foam","Young","F"
"BDS01510",126,"Closed","Firm","Young","F"
"BDS01511",126,"Closed","Firm","Young","F"
"BDS01512",126,"Closed","Firm","Young","F"
"BDS01513",127,"Open","Foam","Young","F"
"BDS01514",127,"Open","Foam","Young","F"
"BDS01515",127,"Open","Foam","Young","F"
"BDS01516",127,"Open","Firm","Young","F"
"BDS01517",127,"Open","Firm","Young","F"
"BDS01518",127,"Open","Firm","Young","F"
"BDS01519",127,"Closed","Firm","Young","F"
"BDS01520",127,"Closed","Firm","Young","F"
"BDS01521",127,"Closed","Firm","Young","F"
"BDS01522",127,"Closed","Foam","Young","F"
"BDS01523",127,"Closed","Foam","Young","F"
"BDS01524",127,"Closed","Foam","Young","F"
"BDS01525",128,"Closed","Firm","Young","F"
"BDS01526",128,"Closed","Firm","Young","F"
"BDS01527",128,"Closed","Firm","Young","F"
"BDS01528",128,"Closed","Foam","Young","F"
"BDS01529",128,"Closed","Foam","Young","F"
"BDS01530",128,"Closed","Foam","Young","F"
"BDS01531",128,"Open","Foam","Young","F"
"BDS01532",128,"Open","Foam","Young","F"
"BDS01533",128,"Open","Foam","Young","F"
"BDS01534",128,"Open","Firm","Young","F"
"BDS01535",128,"Open","Firm","Young","F"
"BDS01536",128,"Open","Firm","Young","F"
"BDS01537",129,"Closed","Foam","Young","F"
"BDS01538",129,"Closed","Foam","Young","F"
"BDS01539",129,"Closed","Foam","Young","F"
"BDS01540",129,"Open","Foam","Young","F"
"BDS01541",129,"Open","Foam","Young","F"
"BDS01542",129,"Open","Foam","Young","F"
"BDS01543",129,"Closed","Firm","Young","F"
"BDS01544",129,"Closed","Firm","Young","F"
"BDS01545",129,"Closed","Firm","Young","F"
"BDS01546",129,"Open","Firm","Young","F"
"BDS01547",129,"Open","Firm","Young","F"
"BDS01548",129,"Open","Firm","Young","F"
"BDS01549",130,"Closed","Foam","Young","F"
"BDS01550",130,"Closed","Foam","Young","F"
"BDS01551",130,"Closed","Foam","Young","F"
"BDS01552",130,"Open","Foam","Young","F"
"BDS01553",130,"Open","Foam","Young","F"
"BDS01554",130,"Open","Foam","Young","F"
"BDS01555",130,"Closed","Firm","Young","F"
"BDS01556",130,"Closed","Firm","Young","F"
"BDS01557",130,"Closed","Firm","Young","F"
"BDS01558",130,"Open","Firm","Young","F"
"BDS01559",130,"Open","Firm","Young","F"
"BDS01560",130,"Open","Firm","Young","F"
"BDS01561",131,"Closed","Foam","Young","F"
"BDS01562",131,"Closed","Foam","Young","F"
"BDS01563",131,"Closed","Foam","Young","F"
"BDS01564",131,"Open","Firm","Young","F"
"BDS01565",131,"Open","Firm","Young","F"
"BDS01566",131,"Open","Firm","Young","F"
"BDS01567",131,"Open","Foam","Young","F"
"BDS01568",131,"Open","Foam","Young","F"
"BDS01569",131,"Open","Foam","Young","F"
"BDS01570",131,"Closed","Firm","Young","F"
"BDS01571",131,"Closed","Firm","Young","F"
"BDS01572",131,"Closed","Firm","Young","F"
"BDS01573",132,"Closed","Firm","Old","F"
"BDS01574",132,"Closed","Firm","Old","F"
"BDS01575",132,"Closed","Firm","Old","F"
"BDS01576",132,"Open","Foam","Old","F"
"BDS01577",132,"Open","Foam","Old","F"
"BDS01578",132,"Open","Foam","Old","F"
"BDS01579",132,"Closed","Foam","Old","F"
"BDS01580",132,"Closed","Foam","Old","F"
"BDS01581",132,"Closed","Foam","Old","F"
"BDS01582",132,"Open","Firm","Old","F"
"BDS01583",132,"Open","Firm","Old","F"
"BDS01584",132,"Open","Firm","Old","F"
"BDS01585",133,"Closed","Foam","Old","F"
"BDS01586",133,"Closed","Foam","Old","F"
"BDS01587",133,"Closed","Foam","Old","F"
"BDS01588",133,"Open","Firm","Old","F"
"BDS01589",133,"Open","Firm","Old","F"
"BDS01590",133,"Open","Firm","Old","F"
"BDS01591",133,"Open","Foam","Old","F"
"BDS01592",133,"Open","Foam","Old","F"
"BDS01593",133,"Open","Foam","Old","F"
"BDS01594",133,"Closed","Firm","Old","F"
"BDS01595",133,"Closed","Firm","Old","F"
"BDS01596",133,"Closed","Firm","Old","F"
"BDS01597",134,"Open","Foam","Old","F"
"BDS01598",134,"Open","Foam","Old","F"
"BDS01599",134,"Open","Foam","Old","F"
"BDS01600",134,"Open","Firm","Old","F"
"BDS01601",134,"Open","Firm","Old","F"
"BDS01602",134,"Open","Firm","Old","F"
"BDS01603",134,"Closed","Firm","Old","F"
"BDS01604",134,"Closed","Firm","Old","F"
"BDS01605",134,"Closed","Firm","Old","F"
"BDS01609",135,"Open","Firm","Young","M"
"BDS01610",135,"Open","Firm","Young","M"
"BDS01611",135,"Open","Firm","Young","M"
"BDS01612",135,"Open","Foam","Young","M"
"BDS01613",135,"Open","Foam","Young","M"
"BDS01614",135,"Open","Foam","Young","M"
"BDS01615",135,"Closed","Foam","Young","M"
"BDS01616",135,"Closed","Foam","Young","M"
"BDS01617",135,"Closed","Foam","Young","M"
"BDS01618",135,"Closed","Firm","Young","M"
"BDS01619",135,"Closed","Firm","Young","M"
"BDS01620",135,"Closed","Firm","Young","M"
"BDS01621",136,"Closed","Firm","Young","F"
"BDS01622",136,"Closed","Firm","Young","F"
"BDS01623",136,"Closed","Firm","Young","F"
"BDS01624",136,"Open","Foam","Young","F"
"BDS01625",136,"Open","Foam","Young","F"
"BDS01626",136,"Open","Firm","Young","F"
"BDS01627",136,"Open","Firm","Young","F"
"BDS01628",136,"Open","Firm","Young","F"
"BDS01629",136,"Closed","Foam","Young","F"
"BDS01630",136,"Closed","Foam","Young","F"
"BDS01631",136,"Closed","Foam","Young","F"
"BDS01632",136,"Open","Foam","Young","F"
"BDS01633",137,"Open","Firm","Young","F"
"BDS01634",137,"Open","Firm","Young","F"
"BDS01635",137,"Open","Firm","Young","F"
"BDS01636",137,"Closed","Foam","Young","F"
"BDS01637",137,"Closed","Foam","Young","F"
"BDS01638",137,"Closed","Foam","Young","F"
"BDS01639",137,"Closed","Firm","Young","F"
"BDS01640",137,"Closed","Firm","Young","F"
"BDS01641",137,"Closed","Firm","Young","F"
"BDS01642",137,"Open","Foam","Young","F"
"BDS01643",137,"Open","Foam","Young","F"
"BDS01644",137,"Open","Foam","Young","F"
"BDS01645",138,"Open","Firm","Young","M"
"BDS01646",138,"Open","Firm","Young","M"
"BDS01647",138,"Open","Firm","Young","M"
"BDS01648",138,"Closed","Foam","Young","M"
"BDS01649",138,"Closed","Foam","Young","M"
"BDS01650",138,"Closed","Foam","Young","M"
"BDS01651",138,"Open","Foam","Young","M"
"BDS01652",138,"Open","Foam","Young","M"
"BDS01653",138,"Open","Foam","Young","M"
"BDS01654",138,"Closed","Firm","Young","M"
"BDS01655",138,"Closed","Firm","Young","M"
"BDS01656",138,"Closed","Firm","Young","M"
"BDS01657",139,"Closed","Foam","Young","F"
"BDS01658",139,"Closed","Foam","Young","F"
"BDS01659",139,"Closed","Foam","Young","F"
"BDS01660",139,"Open","Foam","Young","F"
"BDS01661",139,"Open","Foam","Young","F"
"BDS01662",139,"Open","Foam","Young","F"
"BDS01663",139,"Open","Firm","Young","F"
"BDS01664",139,"Open","Firm","Young","F"
"BDS01665",139,"Open","Firm","Young","F"
"BDS01666",139,"Closed","Firm","Young","F"
"BDS01667",139,"Closed","Firm","Young","F"
"BDS01668",139,"Closed","Firm","Young","F"
"BDS01669",140,"Open","Firm","Young","M"
"BDS01670",140,"Open","Firm","Young","M"
"BDS01671",140,"Open","Firm","Young","M"
"BDS01672",140,"Closed","Firm","Young","M"
"BDS01673",140,"Closed","Firm","Young","M"
"BDS01674",140,"Closed","Firm","Young","M"
"BDS01675",140,"Open","Foam","Young","M"
"BDS01676",140,"Open","Foam","Young","M"
"BDS01677",140,"Open","Foam","Young","M"
"BDS01678",140,"Closed","Foam","Young","M"
"BDS01679",140,"Closed","Foam","Young","M"
"BDS01680",140,"Closed","Foam","Young","M"
"BDS01681",141,"Closed","Firm","Young","F"
"BDS01682",141,"Closed","Firm","Young","F"
"BDS01683",141,"Closed","Firm","Young","F"
"BDS01684",141,"Open","Firm","Young","F"
"BDS01685",141,"Open","Firm","Young","F"
"BDS01686",141,"Open","Firm","Young","F"
"BDS01687",141,"Closed","Foam","Young","F"
"BDS01688",141,"Closed","Foam","Young","F"
"BDS01689",141,"Closed","Foam","Young","F"
"BDS01690",141,"Open","Foam","Young","F"
"BDS01691",141,"Open","Foam","Young","F"
"BDS01692",141,"Open","Foam","Young","F"
"BDS01693",142,"Open","Firm","Young","F"
"BDS01694",142,"Open","Firm","Young","F"
"BDS01695",142,"Open","Firm","Young","F"
"BDS01696",142,"Open","Foam","Young","F"
"BDS01697",142,"Open","Foam","Young","F"
"BDS01698",142,"Open","Foam","Young","F"
"BDS01699",142,"Closed","Firm","Young","F"
"BDS01700",142,"Closed","Firm","Young","F"
"BDS01701",142,"Closed","Firm","Young","F"
"BDS01702",142,"Closed","Foam","Young","F"
"BDS01703",142,"Closed","Foam","Young","F"
"BDS01704",142,"Closed","Foam","Young","F"
"BDS01705",143,"Open","Foam","Young","F"
"BDS01706",143,"Open","Foam","Young","F"
"BDS01707",143,"Open","Foam","Young","F"
"BDS01708",143,"Closed","Firm","Young","F"
"BDS01709",143,"Closed","Firm","Young","F"
"BDS01710",143,"Closed","Firm","Young","F"
"BDS01711",143,"Open","Firm","Young","F"
"BDS01712",143,"Open","Firm","Young","F"
"BDS01713",143,"Open","Firm","Young","F"
"BDS01714",143,"Closed","Foam","Young","F"
"BDS01715",143,"Closed","Foam","Young","F"
"BDS01716",143,"Closed","Foam","Young","F"
"BDS01717",144,"Closed","Firm","Young","M"
"BDS01718",144,"Closed","Firm","Young","M"
"BDS01719",144,"Closed","Firm","Young","M"
"BDS01720",144,"Closed","Foam","Young","M"
"BDS01721",144,"Closed","Foam","Young","M"
"BDS01722",144,"Closed","Foam","Young","M"
"BDS01723",144,"Open","Foam","Young","M"
"BDS01724",144,"Open","Foam","Young","M"
"BDS01725",144,"Open","Foam","Young","M"
"BDS01726",144,"Open","Firm","Young","M"
"BDS01727",144,"Open","Firm","Young","M"
"BDS01728",144,"Open","Firm","Young","M"
"BDS01729",145,"Open","Foam","Old","F"
"BDS01730",145,"Open","Foam","Old","F"
"BDS01731",145,"Open","Foam","Old","F"
"BDS01732",145,"Open","Firm","Old","F"
"BDS01733",145,"Open","Firm","Old","F"
"BDS01734",145,"Open","Firm","Old","F"
"BDS01735",145,"Closed","Foam","Old","F"
"BDS01736",145,"Closed","Foam","Old","F"
"BDS01737",145,"Closed","Foam","Old","F"
"BDS01738",145,"Closed","Firm","Old","F"
"BDS01739",145,"Closed","Firm","Old","F"
"BDS01740",145,"Closed","Firm","Old","F"
"BDS01741",146,"Open","Firm","Old","M"
"BDS01742",146,"Open","Firm","Old","M"
"BDS01743",146,"Open","Firm","Old","M"
"BDS01744",146,"Closed","Firm","Old","M"
"BDS01745",146,"Closed","Firm","Old","M"
"BDS01746",146,"Closed","Firm","Old","M"
"BDS01747",146,"Open","Foam","Old","M"
"BDS01748",146,"Open","Foam","Old","M"
"BDS01749",146,"Open","Foam","Old","M"
"BDS01750",146,"Closed","Foam","Old","M"
"BDS01751",146,"Closed","Foam","Old","M"
"BDS01752",146,"Closed","Foam","Old","M"
"BDS01753",147,"Closed","Firm","Young","F"
"BDS01754",147,"Closed","Firm","Young","F"
"BDS01755",147,"Closed","Firm","Young","F"
"BDS01756",147,"Open","Foam","Young","F"
"BDS01757",147,"Open","Foam","Young","F"
"BDS01758",147,"Open","Foam","Young","F"
"BDS01759",147,"Closed","Foam","Young","F"
"BDS01760",147,"Closed","Foam","Young","F"
"BDS01761",147,"Closed","Foam","Young","F"
"BDS01762",147,"Open","Firm","Young","F"
"BDS01763",147,"Open","Firm","Young","F"
"BDS01764",147,"Open","Firm","Young","F"
"BDS01765",148,"Closed","Firm","Old","F"
"BDS01766",148,"Closed","Firm","Old","F"
"BDS01767",148,"Closed","Firm","Old","F"
"BDS01768",148,"Closed","Foam","Old","F"
"BDS01769",148,"Closed","Foam","Old","F"
"BDS01770",148,"Closed","Foam","Old","F"
"BDS01771",148,"Open","Firm","Old","F"
"BDS01772",148,"Open","Firm","Old","F"
"BDS01773",148,"Open","Firm","Old","F"
"BDS01774",148,"Open","Foam","Old","F"
"BDS01775",148,"Open","Foam","Old","F"
"BDS01776",148,"Open","Foam","Old","F"
"BDS01777",149,"Closed","Firm","Old","F"
"BDS01778",149,"Closed","Firm","Old","F"
"BDS01779",149,"Closed","Firm","Old","F"
"BDS01780",149,"Closed","Foam","Old","F"
"BDS01781",149,"Closed","Foam","Old","F"
"BDS01782",149,"Closed","Foam","Old","F"
"BDS01783",149,"Open","Firm","Old","F"
"BDS01784",149,"Open","Firm","Old","F"
"BDS01785",149,"Open","Firm","Old","F"
"BDS01786",149,"Open","Foam","Old","F"
"BDS01787",149,"Open","Foam","Old","F"
"BDS01788",149,"Open","Foam","Old","F"
"BDS01789",150,"Open","Firm","Old","F"
"BDS01790",150,"Open","Firm","Old","F"
"BDS01791",150,"Open","Firm","Old","F"
"BDS01792",150,"Closed","Foam","Old","F"
"BDS01793",150,"Closed","Foam","Old","F"
"BDS01794",150,"Closed","Foam","Old","F"
"BDS01795",150,"Open","Foam","Old","F"
"BDS01796",150,"Open","Foam","Old","F"
"BDS01797",150,"Open","Foam","Old","F"
"BDS01798",150,"Closed","Firm","Old","F"
"BDS01799",150,"Closed","Firm","Old","F"
"BDS01800",150,"Closed","Firm","Old","F"
"BDS01801",151,"Closed","Firm","Old","F"
"BDS01802",151,"Closed","Firm","Old","F"
"BDS01803",151,"Closed","Firm","Old","F"
"BDS01804",151,"Open","Firm","Old","F"
"BDS01805",151,"Open","Firm","Old","F"
"BDS01806",151,"Open","Firm","Old","F"
"BDS01807",151,"Open","Foam","Old","F"
"BDS01808",151,"Open","Foam","Old","F"
"BDS01809",151,"Open","Foam","Old","F"
"BDS01810",151,"Closed","Foam","Old","F"
"BDS01811",151,"Closed","Foam","Old","F"
"BDS01812",151,"Closed","Foam","Old","F"
"BDS01813",152,"Closed","Firm","Young","M"
"BDS01814",152,"Closed","Firm","Young","M"
"BDS01815",152,"Closed","Firm","Young","M"
"BDS01816",152,"Open","Foam","Young","M"
"BDS01817",152,"Open","Foam","Young","M"
"BDS01818",152,"Open","Foam","Young","M"
"BDS01819",152,"Closed","Foam","Young","M"
"BDS01820",152,"Closed","Foam","Young","M"
"BDS01821",152,"Closed","Foam","Young","M"
"BDS01822",152,"Open","Firm","Young","M"
"BDS01823",152,"Open","Firm","Young","M"
"BDS01824",152,"Open","Firm","Young","M"
"BDS01825",153,"Open","Firm","Old","F"
"BDS01826",153,"Open","Firm","Old","F"
"BDS01827",153,"Open","Firm","Old","F"
"BDS01828",153,"Open","Foam","Old","F"
"BDS01829",153,"Open","Foam","Old","F"
"BDS01830",153,"Open","Foam","Old","F"
"BDS01831",153,"Closed","Firm","Old","F"
"BDS01832",153,"Closed","Firm","Old","F"
"BDS01833",153,"Closed","Firm","Old","F"
"BDS01834",153,"Closed","Foam","Old","F"
"BDS01835",153,"Closed","Foam","Old","F"
"BDS01836",153,"Closed","Foam","Old","F"
"BDS01837",154,"Open","Firm","Old","M"
"BDS01838",154,"Open","Firm","Old","M"
"BDS01839",154,"Open","Firm","Old","M"
"BDS01840",154,"Closed","Firm","Old","M"
"BDS01841",154,"Closed","Firm","Old","M"
"BDS01842",154,"Closed","Firm","Old","M"
"BDS01843",154,"Closed","Foam","Old","M"
"BDS01844",154,"Closed","Foam","Old","M"
"BDS01845",154,"Closed","Foam","Old","M"
"BDS01846",154,"Open","Foam","Old","M"
"BDS01847",154,"Open","Foam","Old","M"
"BDS01848",154,"Open","Foam","Old","M"
"BDS01849",155,"Closed","Firm","Old","F"
"BDS01850",155,"Closed","Firm","Old","F"
"BDS01851",155,"Closed","Firm","Old","F"
"BDS01852",155,"Open","Foam","Old","F"
"BDS01853",155,"Open","Foam","Old","F"
"BDS01854",155,"Open","Foam","Old","F"
"BDS01855",155,"Closed","Foam","Old","F"
"BDS01856",155,"Closed","Foam","Old","F"
"BDS01857",155,"Closed","Foam","Old","F"
"BDS01858",155,"Open","Firm","Old","F"
"BDS01859",155,"Open","Firm","Old","F"
"BDS01860",155,"Open","Firm","Old","F"
"BDS01861",156,"Closed","Foam","Old","F"
"BDS01862",156,"Closed","Foam","Old","F"
"BDS01863",156,"Closed","Foam","Old","F"
"BDS01864",156,"Open","Foam","Old","F"
"BDS01865",156,"Open","Foam","Old","F"
"BDS01866",156,"Open","Foam","Old","F"
"BDS01867",156,"Open","Firm","Old","F"
"BDS01868",156,"Open","Firm","Old","F"
"BDS01869",156,"Open","Firm","Old","F"
"BDS01870",156,"Closed","Firm","Old","F"
"BDS01871",156,"Closed","Firm","Old","F"
"BDS01872",156,"Closed","Firm","Old","F"
"BDS01873",157,"Open","Firm","Old","F"
"BDS01874",157,"Open","Firm","Old","F"
"BDS01875",157,"Open","Firm","Old","F"
"BDS01876",157,"Open","Foam","Old","F"
"BDS01877",157,"Open","Foam","Old","F"
"BDS01878",157,"Open","Foam","Old","F"
"BDS01879",157,"Closed","Firm","Old","F"
"BDS01880",157,"Closed","Firm","Old","F"
"BDS01881",157,"Closed","Firm","Old","F"
"BDS01882",157,"Closed","Foam","Old","F"
"BDS01883",157,"Closed","Foam","Old","F"
"BDS01884",157,"Closed","Foam","Old","F"
"BDS01885",158,"Open","Foam","Old","F"
"BDS01886",158,"Open","Foam","Old","F"
"BDS01887",158,"Open","Foam","Old","F"
"BDS01888",158,"Open","Firm","Old","F"
"BDS01889",158,"Open","Firm","Old","F"
"BDS01890",158,"Open","Firm","Old","F"
"BDS01891",158,"Closed","Foam","Old","F"
"BDS01892",158,"Closed","Foam","Old","F"
"BDS01893",158,"Closed","Foam","Old","F"
"BDS01894",158,"Closed","Firm","Old","F"
"BDS01895",158,"Closed","Firm","Old","F"
"BDS01896",158,"Closed","Firm","Old","F"
"BDS01897",159,"Open","Firm","Young","F"
"BDS01898",159,"Open","Firm","Young","F"
"BDS01899",159,"Open","Firm","Young","F"
"BDS01900",159,"Closed","Foam","Young","F"
"BDS01901",159,"Closed","Foam","Young","F"
"BDS01902",159,"Closed","Foam","Young","F"
"BDS01903",159,"Open","Foam","Young","F"
"BDS01904",159,"Open","Foam","Young","F"
"BDS01905",159,"Open","Foam","Young","F"
"BDS01906",159,"Closed","Firm","Young","F"
"BDS01907",159,"Closed","Firm","Young","F"
"BDS01908",159,"Closed","Firm","Young","F"
"BDS01909",160,"Open","Foam","Young","F"
"BDS01910",160,"Open","Foam","Young","F"
"BDS01911",160,"Open","Foam","Young","F"
"BDS01912",160,"Closed","Foam","Young","F"
"BDS01913",160,"Closed","Foam","Young","F"
"BDS01914",160,"Closed","Foam","Young","F"
"BDS01915",160,"Open","Firm","Young","F"
"BDS01916",160,"Open","Firm","Young","F"
"BDS01917",160,"Open","Firm","Young","F"
"BDS01918",160,"Closed","Firm","Young","F"
"BDS01919",160,"Closed","Firm","Young","F"
"BDS01920",160,"Closed","Firm","Young","F"
"BDS01921",161,"Open","Firm","Young","F"
"BDS01922",161,"Open","Firm","Young","F"
"BDS01923",161,"Open","Firm","Young","F"
"BDS01924",161,"Closed","Firm","Young","F"
"BDS01925",161,"Closed","Firm","Young","F"
"BDS01926",161,"Closed","Firm","Young","F"
"BDS01927",161,"Closed","Foam","Young","F"
"BDS01928",161,"Closed","Foam","Young","F"
"BDS01929",161,"Closed","Foam","Young","F"
"BDS01930",161,"Open","Foam","Young","F"
"BDS01931",161,"Open","Foam","Young","F"
"BDS01932",161,"Open","Foam","Young","F"
"BDS01933",162,"Closed","Foam","Young","M"
"BDS01934",162,"Closed","Foam","Young","M"
"BDS01935",162,"Closed","Foam","Young","M"
"BDS01936",162,"Closed","Firm","Young","M"
"BDS01937",162,"Closed","Firm","Young","M"
"BDS01938",162,"Closed","Firm","Young","M"
"BDS01939",162,"Open","Firm","Young","M"
"BDS01940",162,"Open","Firm","Young","M"
"BDS01941",162,"Open","Firm","Young","M"
"BDS01942",162,"Open","Foam","Young","M"
"BDS01943",162,"Open","Foam","Young","M"
"BDS01944",162,"Open","Foam","Young","M"
"BDS01945",163,"Closed","Firm","Young","M"
"BDS01946",163,"Closed","Firm","Young","M"
"BDS01947",163,"Closed","Firm","Young","M"
"BDS01948",163,"Open","Foam","Young","M"
"BDS01949",163,"Open","Foam","Young","M"
"BDS01950",163,"Open","Foam","Young","M"
"BDS01951",163,"Open","Firm","Young","M"
"BDS01952",163,"Open","Firm","Young","M"
"BDS01953",163,"Open","Firm","Young","M"
"BDS01954",163,"Closed","Foam","Young","M"
"BDS01955",163,"Closed","Foam","Young","M"
"BDS01956",163,"Closed","Foam","Young","M"
