"athlete","sport","trial","body_mass_kg","jump_height_cm"
"A01","Soccer",1,78.3,29.6
"A01","Soccer",2,78.3,29.7
"A01","Soccer",3,77.9,31.1
"A02","Soccer",1,70.6,63.8
"A02","Soccer",2,73.4,42.4
"A02","Soccer",3,73.3,43.2
"A03","Basketball",1,100,38.7
"A03","Basketball",2,101.8,35.4
"A03","Basketball",3,99.3,38
"A04","Soccer",1,82.9,34.1
"A04","Soccer",2,83.2,33.1
"A04","Soccer",3,83.3,33.9
"A05","Basketball",1,71.6,43.7
"A05","Basketball",2,71.8,42.5
"A05","Basketball",3,71.8,42.5
"A06","Basketball",1,99.5,36.6
"A06","Basketball",2,99.6,37.2
"A06","Basketball",3,99.7,36.9
"A07","Basketball",1,94.2,42.6
"A07","Basketball",2,95,39
"A07","Basketball",3,94.1,40.3
"A08","Basketball",1,101.5,59.8
"A08","Basketball",2,101,61.5
"A08","Basketball",3,101.3,54.1
"A09","Basketball",1,77,38.7
"A09","Basketball",2,77.7,48.6
"A09","Basketball",3,77.5,52.4
"A10","Soccer",1,71.5,33.9
"A10","Soccer",2,71.6,37.7
"A10","Soccer",3,71.4,40.2
"A11","Basketball",1,75.7,47
"A11","Basketball",2,76.5,44.1
"A11","Basketball",3,74.6,55
"A12","Basketball",1,93.1,30.8
"A12","Basketball",2,91.8,40.8
"A12","Basketball",3,91.6,44.3
"A13","Soccer",1,71.3,36.1
"A13","Soccer",2,71.6,35.8
"A13","Soccer",3,71.2,36
"A14","Basketball",1,109.5,42.1
"A14","Basketball",2,111.7,43.1
"A14","Basketball",3,111.9,40.3
"A15","Soccer",1,67.3,46.2
"A15","Soccer",2,69.1,43.7
"A15","Soccer",3,69.2,40.4
"A16","Soccer",1,77.9,33
"A16","Soccer",2,77.9,35.4
"A16","Soccer",3,78,39.1
"A17","Basketball",1,123,34.7
"A17","Basketball",2,121.6,38.7
"A17","Basketball",3,122.3,34.8
"A18","Soccer",1,75.3,41
"A18","Soccer",2,75.5,40
"A18","Soccer",3,76.1,39.1
"A19","Soccer",1,73.5,46.8
"A19","Soccer",2,68.9,57.9
"A19","Soccer",3,66.8,62.4
"A20","Soccer",1,75.7,36.4
"A20","Soccer",2,75.3,36.2
"A20","Soccer",3,75.1,42.5
"A21","Basketball",1,80.2,36.2
"A21","Basketball",2,80.3,35.5
"A21","Basketball",3,80.5,37.8
"A22","Soccer",1,68.7,31.2
"A22","Soccer",2,69,30.4
"A22","Soccer",3,68.7,30.7
"A23","Basketball",1,92.2,40.2
"A23","Basketball",2,92.9,39
"A23","Basketball",3,92.5,38.4
"A24","Soccer",1,85.8,36.4
"A24","Soccer",2,85.6,35.8
"A24","Soccer",3,85.8,35.5
"A25","Basketball",1,107.3,31.6
"A25","Basketball",2,107.3,29.8
"A25","Basketball",3,107.3,30.9
"A26","Basketball",1,110.8,30.5
"A26","Basketball",2,110.7,29.1
"A26","Basketball",3,109.9,33.1
"A27","Basketball",1,84.5,36.9
"A27","Basketball",2,84.2,40.9
"A27","Basketball",3,84.4,39.2
"A28","Basketball",1,79,39.9
"A28","Basketball",2,78.9,41.9
"A28","Basketball",3,79.2,39.4
"A29","Basketball",1,102.6,38.9
"A29","Basketball",2,102.8,38.5
"A29","Basketball",3,102.6,38.3
"A30","Basketball",1,95.3,41.4
"A30","Basketball",2,96.3,39.4
"A30","Basketball",3,94,46.5
"A31","Soccer",1,109.4,37.2
"A31","Soccer",2,108.5,41.6
"A31","Soccer",3,108.8,42.4
"A32","Basketball",1,74.5,44
"A32","Basketball",2,74.3,52.7
"A32","Basketball",3,74.8,46.8
"A33","Soccer",1,93.2,35.9
"A33","Soccer",2,93.2,39.5
"A33","Soccer",3,93.4,35.6
"A34","Basketball",1,92.5,37.6
"A34","Basketball",2,92.5,37.6
"A34","Basketball",3,92.5,40.5
"A35","Basketball",1,108.8,30.9
"A35","Basketball",2,108.5,33
"A35","Basketball",3,108.5,30.9
"A36","Basketball",1,103.2,28.7
"A36","Basketball",2,103.2,25.8
"A36","Basketball",3,103.2,28
"A37","Basketball",1,110,44.7
"A37","Basketball",2,110.6,39.1
"A37","Basketball",3,110.4,41.9
"A38","Basketball",1,92.9,41
"A38","Basketball",2,94.7,42.5
"A38","Basketball",3,95.3,43
"A39","Basketball",1,94.7,47.7
"A39","Basketball",2,91.2,48.9
"A39","Basketball",3,94.5,40
"A40","Soccer",1,84.6,38
"A40","Soccer",2,82,51.7
"A40","Soccer",3,87.8,21.5
"A41","Basketball",1,87.9,30.4
"A41","Basketball",2,87.6,30.4
"A41","Basketball",3,87.8,30.5
"A42","Basketball",1,63.1,35.1
"A42","Basketball",2,63,38
"A42","Basketball",3,63.2,38.4
"A43","Soccer",1,81.8,32.9
"A43","Soccer",2,81.4,34.5
"A43","Soccer",3,81.1,33.4
"A44","Basketball",1,100.2,41.1
"A44","Basketball",2,98.9,42.5
"A44","Basketball",3,100.6,38
"A45","Basketball",1,105.8,39.5
"A45","Basketball",2,105.8,40.3
"A45","Basketball",3,105.4,40
"A46","Basketball",1,76.9,30.8
"A46","Basketball",2,77,33
"A46","Basketball",3,77,34.6
"A47","Basketball",1,93.4,38.4
"A47","Basketball",2,93.4,41
"A47","Basketball",3,93.4,40.5
"A48","Basketball",1,84,37
"A48","Basketball",2,83.9,36.9
"A48","Basketball",3,83.7,37.2
"A49","Soccer",1,83,43
"A49","Soccer",2,82.8,48.6
"A49","Soccer",3,82.8,48.2
"A50","Basketball",1,88.5,36.7
"A50","Basketball",2,88.5,37.5
"A50","Basketball",3,88.6,36.5
"A51","Basketball",1,88.9,43
"A51","Basketball",2,89,43.5
"A51","Basketball",3,89,43.6
"A52","Basketball",1,100,44.1
"A52","Basketball",2,99.6,45.4
"A52","Basketball",3,99.7,42.5
"A53","Basketball",1,95.9,26.6
"A53","Basketball",2,95.8,29.7
"A53","Basketball",3,95.8,29.6
"A54","Basketball",1,87.4,31.4
"A54","Basketball",2,87.4,31.7
"A54","Basketball",3,87.3,32.2
"A55","Basketball",1,85.7,38.4
"A55","Basketball",2,85.8,42.2
"A55","Basketball",3,85.9,37.5
"A56","Basketball",1,92.2,40.3
"A56","Basketball",2,92.2,42.7
"A56","Basketball",3,92.1,41.1
