"id","sport","body_mass_kg","height_m","jump_height_m","con_time_s","ecc_time_s","contraction_time_s","time_to_peak_s","con_force_rel","peak_force_rel","con_impulse_rel","ecc_impulse_rel","peak_power_rel","mean_power_rel","peak_velocity","cmj_depth_m","ecc_rfd_max","ecc_rfd_mean","rsi_mod","k_vert"
"B01","Basketball",93.3,2.08,0.41,0.296,0.588,0.884,0.812,19.17,21.9,5.69,4.182,55.8,29,2.916,-0.366,7113,4082,0.464,6.1
"B02","Basketball",102.6,2.02,0.386,0.276,0.536,0.812,0.722,19.55,22.36,5.413,4.006,53.1,29,2.828,-0.369,12948,5539,0.475,6.17
"B03","Basketball",89,1.89,0.427,0.22,0.434,0.654,0.482,22.59,27.1,4.988,3.145,59.3,36.3,2.985,-0.278,16016,8355,0.652,9.93
"B04","Basketball",92.5,1.91,0.402,0.256,0.494,0.75,0.672,20.4,23.26,5.282,3.901,55.5,30.9,2.884,-0.327,10458,5219,0.522,7.26
"B05","Basketball",91.9,1.88,0.37,0.238,0.462,0.7,0.584,20.68,24.37,4.98,3.569,53.6,30.5,2.77,-0.292,12126,6017,0.527,8.5
"B06","Basketball",100,1.92,0.351,0.22,0.445,0.665,0.514,21.22,26.26,4.73,3.551,54.5,31.3,2.727,-0.256,10948,6063,0.527,10.4
"B07","Basketball",88,1.95,0.357,0.232,0.388,0.62,0.394,20.87,26.13,4.856,3.223,50.4,31.5,2.746,-0.269,21970,7621,0.573,9.91
"B08","Basketball",118.6,2.15,0.292,0.216,0.469,0.685,0.6,20.53,27.19,4.456,3.204,52.6,25.9,2.485,-0.188,15209,5430,0.425,15.02
"B09","Basketball",104.7,2.01,0.468,0.265,0.535,0.8,0.694,20.94,24.15,5.59,4.284,62.4,34.3,3.121,-0.408,10155,5121,0.583,5.97
"B10","Basketball",95.4,1.98,0.495,0.303,0.557,0.86,0.536,19.75,28.22,6.015,3.78,57,34.4,3.181,-0.469,22397,9145,0.574,6.13
"B11","Basketball",100.1,2.01,0.307,0.295,0.5,0.795,0.474,17.83,25.98,5.288,3.843,42.8,26.4,2.615,-0.427,17763,7644,0.385,6.08
"B12","Basketball",103,2.01,0.394,0.299,0.499,0.798,0.71,18.91,27.46,5.693,4.026,64.1,26.5,2.901,-0.214,7245,3668,0.494,13.08
"B13","Basketball",101.3,2.06,0.404,0.258,0.576,0.834,0.722,20.39,24.68,5.319,3.927,57.3,31.8,2.94,-0.416,12744,5641,0.482,5.96
"B14","Basketball",79.6,1.85,0.444,0.266,0.494,0.76,0.48,20.62,24.88,5.502,3.892,59.5,33.4,3.038,-0.374,10626,5493,0.584,6.78
"B15","Basketball",116.1,2.05,0.389,0.261,0.494,0.755,0.632,20.14,24.17,5.298,4.006,55,29.9,2.866,-0.323,12293,5366,0.513,7.62
"B16","Basketball",116.9,2.05,0.387,0.314,0.602,0.916,0.828,18.36,21.73,5.78,5.016,52.8,27.2,2.855,-0.382,9664,3623,0.423,5.87
"B17","Basketball",102.1,1.92,0.385,0.194,0.446,0.64,0.504,23.34,28.49,4.596,3.229,59.6,35.7,2.834,-0.252,17050,8271,0.598,11.67
"B18","Basketball",102.7,1.9,0.4,0.276,0.649,0.925,0.8,19.7,25.3,5.498,5.527,56.7,29.3,2.906,-0.279,20370,2246,0.432,10.11
"B19","Basketball",109.1,2.13,0.274,0.192,0.428,0.62,0.466,21.34,27.44,4.113,3.026,47.1,28.8,2.441,-0.208,21259,9788,0.44,13.44
"B20","Basketball",103.6,2.05,0.41,0.267,0.548,0.815,0.71,20.14,24.49,5.418,4.179,58.6,30.8,2.941,-0.299,11610,4044,0.502,8.29
"B21","Basketball",96.1,1.95,0.457,0.314,0.565,0.879,0.8,19.12,22.65,6.022,4.37,60.8,30.2,3.083,-0.387,8535,4399,0.519,6.05
"B22","Basketball",96,1.97,0.401,0.276,0.492,0.768,0.522,19.69,22.13,5.452,3.952,54.5,30.5,2.909,-0.377,20577,5848,0.522,6.11
"B23","Basketball",83,1.89,0.454,0.18,0.436,0.616,0.472,25.81,33.62,4.666,3.001,67.6,43,3.042,-0.225,23859,11235,0.737,15.17
"B24","Basketball",81.4,1.96,0.499,0.27,0.518,0.788,0.526,21.13,24.78,5.721,3.841,63.8,35.6,3.195,-0.394,13173,6416,0.632,6.41
"B25","Basketball",99,2.01,0.244,0.228,0.41,0.638,0.508,19.05,24.33,4.396,3.279,42.9,24.6,2.349,-0.241,15885,6280,0.38,10.35
"B26","Basketball",99.4,1.91,0.37,0.289,0.59,0.879,0.614,18.92,23.55,5.502,4.375,49.3,28.6,2.798,-0.309,12826,4246,0.42,7.05
"B27","Basketball",94.8,1.93,0.433,0.248,0.588,0.835,0.604,21.21,24.52,5.319,3.997,59.7,33.9,3.014,-0.346,14165,5187,0.517,7.21
"B28","Basketball",102.9,1.89,0.31,0.22,0.488,0.708,0.512,20.49,24.23,4.564,3.013,48,28.2,2.543,-0.248,16809,8204,0.436,10.24
"B29","Basketball",114.5,2.04,0.337,0.302,0.576,0.878,0.794,18.01,21.52,5.528,4.197,48.8,24.4,2.665,-0.355,10160,4608,0.381,6.19
"B30","Basketball",105.3,2.02,0.362,0.265,0.514,0.778,0.612,19.48,22.41,5.238,3.862,50,29.1,2.775,-0.24,10988,5222,0.463,9.39
"B31","Basketball",102.6,1.98,0.327,0.235,0.4,0.635,0.54,20.21,23.44,4.827,3.403,50.9,28.3,2.644,-0.249,15116,6597,0.512,9.54
"B32","Basketball",89.1,1.92,0.412,0.3,0.562,0.862,0.762,19.05,21.08,5.734,4.303,53.9,29.2,2.928,-0.335,6337,3680,0.478,6.41
"B33","Basketball",98.8,2.02,0.302,0.274,0.474,0.748,0.602,18.45,21.79,5.07,3.694,44.9,26,2.598,-0.304,12821,5891,0.404,7.35
"B34","Basketball",87.8,1.83,0.297,0.242,0.478,0.718,0.496,19.35,24.01,4.774,4.131,42,26.4,2.49,-0.314,11816,4432,0.41,7.73
"B35","Basketball",101.2,2.04,0.341,0.262,0.524,0.785,0.576,19.31,22.72,5.114,4.2,50.5,28.5,2.726,-0.301,10393,4394,0.433,7.72
"B36","Basketball",84.7,1.86,0.403,0.282,0.482,0.764,0.484,19.43,24.44,5.494,3.831,49.6,30.8,2.888,-0.374,17817,6263,0.527,6.62
"B37","Basketball",81.7,1.93,0.362,0.294,0.506,0.798,0.706,18.56,21.29,5.51,4.182,50.4,27.1,2.767,-0.324,15551,3934,0.451,6.66
"B38","Basketball",104.2,2.01,0.31,0.298,0.542,0.839,0.738,18.08,20.59,5.372,4.375,44.8,24,2.505,-0.25,6208,3311,0.375,7.29
"B39","Basketball",88.9,1.95,0.412,0.268,0.512,0.778,0.692,20.08,22.88,5.399,3.919,56.7,31.2,2.93,-0.334,11650,4815,0.528,7
"B40","Basketball",92.4,1.93,0.33,0.262,0.592,0.854,0.746,19.29,22.52,5.073,4.74,49.2,26.9,2.652,-0.269,9351,3226,0.386,7.43
"B41","Basketball",70.8,1.89,0.43,0.318,0.576,0.889,0.83,18.72,21.21,5.97,4.492,55.4,29.4,2.996,-0.388,7436,3208,0.47,5.59
"B42","Basketball",96.2,1.91,0.466,0.278,0.456,0.724,0.442,20.4,30.28,5.641,3.807,55.7,35.2,3.1,-0.425,26632,9843,0.637,7.25
"S01","Soccer",73.4,1.88,0.421,0.275,0.564,0.839,0.574,20.01,25.21,5.498,4.131,55.5,32,2.963,-0.365,13051,4166,0.502,7.09
"S02","Soccer",70.6,1.84,0.487,0.293,0.328,0.621,0.346,20.57,25.29,6.022,2.28,63.1,36.6,3.308,-0.395,13679,7627,0.851,7.54
"S03","Soccer",71,1.86,0.383,0.226,0.483,0.709,0.604,21.7,26.13,4.88,3.072,56.2,32.3,2.818,-0.187,9220,4570,0.543,14.34
"S04","Soccer",67.8,1.75,0.366,0.342,0.636,0.978,0.646,17.44,22.58,5.978,5.389,47.5,25.9,2.749,-0.477,7601,2461,0.374,4.81
"S05","Soccer",76,1.83,0.514,0.324,0.68,1.004,0.7,19.44,23.58,6.313,5.498,62.9,33.6,3.265,-0.467,8363,2717,0.512,5.13
"S06","Soccer",72.3,1.85,0.413,0.295,0.496,0.791,0.474,19.27,22.59,5.681,3.81,55.5,29.2,2.915,-0.329,10446,4164,0.523,6.95
"S07","Soccer",69,1.79,0.386,0.328,0.594,0.922,0.62,18.03,21.63,5.928,4.78,52.1,27.5,2.875,-0.358,5763,2493,0.419,6.24
"S08","Soccer",68.2,1.8,0.439,0.274,0.558,0.832,0.626,20.32,23.18,5.587,4.457,58,32.5,3.032,-0.309,2855,5998,0.527,7.52
"S09","Soccer",84.5,1.93,0.37,0.259,0.696,0.955,0.682,20.08,26.36,5.194,3.658,55.2,30.8,2.812,-0.366,32309,8059,0.398,6.23
"S10","Soccer",67.4,1.75,0.45,0.206,0.466,0.672,0.502,23.76,28.16,4.914,3.341,65.2,39,3.043,-0.281,10083,6211,0.669,10.24
"S11","Soccer",75.1,1.81,0.383,0.344,0.777,1.121,0.844,17.69,19.33,6.067,6.573,48.1,25.8,2.818,-0.378,5668,1027,0.343,5.2
"S12","Soccer",69.9,1.78,0.415,0.309,0.476,0.785,0.492,18.94,22.75,5.811,3.801,56.2,29.3,2.946,-0.334,11735,4556,0.53,6.96
"S13","Soccer",77.5,1.74,0.41,0.299,0.502,0.811,0.506,19.16,25.37,5.684,3.973,55,30.4,2.949,-0.406,9675,5707,0.514,6.39
"S14","Soccer",80.1,1.91,0.36,0.268,0.462,0.731,0.454,19.5,26.05,5.2,3.594,49.6,29.3,2.743,-0.355,17138,6526,0.494,7.52
"S15","Soccer",71.3,1.71,0.31,0.21,0.37,0.571,0.44,21.81,27.2,4.382,3.033,50.9,30,2.555,-0.193,10951,5255,0.543,14.36
"S16","Soccer",73.9,1.91,0.336,0.329,0.7623,1.111,0.766,17.44,23.18,5.732,4.022,48.6,24.9,2.669,-0.422,9000,3585,0.308,5.58
"S17","Soccer",76.2,1.76,0.419,0.337,0.734,1.071,0.75,17.7,23.23,5.958,6.214,48.2,27,2.811,-0.452,12069,2231,0.391,5.35
"S18","Soccer",78.8,1.86,0.412,0.292,0.519,0.811,0.51,19.72,25.46,5.494,3.969,53,31.4,2.924,-0.399,11534,5454,0.517,6.47
"S19","Soccer",72.1,1.78,0.369,0.219,0.522,0.741,0.612,21.8,26.12,4.774,3.409,56.2,32.3,2.775,-0.262,7041,4560,0.499,10.23
"S20","Soccer",78,1.85,0.417,0.292,0.538,0.831,0.748,19.44,22.78,5.9,4.034,57.8,29.9,2.953,-0.36,8331,3893,0.504,6.45
"S21","Soccer",73.4,1.8,0.439,0.25,0.494,0.744,0.496,21.2,24.58,5.316,3.781,60.9,33.9,3.012,-0.333,10817,5119,0.59,7.5
"S22","Soccer",75.7,1.91,0.375,0.266,0.445,0.711,0.466,20.09,22.52,5.161,3.678,51.8,29.8,2.783,-0.292,10461,5020,0.535,7.88
"S23","Soccer",61.3,1.68,0.551,0.279,0.712,0.991,0.74,22.73,25.26,6.293,3.767,78.8,44.3,3.72,-0.214,11406,3059,0.691,11.06
"S24","Soccer",76.8,1.81,0.351,0.304,0.612,0.916,0.828,18.28,22.36,5.573,4.79,51.5,25.4,2.725,-0.282,6259,2132,0.383,7.98
"S25","Soccer",70.7,1.78,0.348,0.234,0.4,0.634,0.378,20.66,26.81,4.849,3.123,48.8,30.1,2.675,-0.262,21240,6647,0.549,10.43
"S26","Soccer",101.3,1.85,0.335,0.285,0.53,0.815,0.532,18.29,23.58,5.171,4.018,43.6,26.3,2.606,-0.321,15128,5618,0.413,7.48
"S27","Soccer",65.4,1.73,0.396,0.327,0.584,0.911,0.626,18.18,20.57,5.942,4.796,50.4,27.5,2.865,-0.46,10604,2934,0.435,4.56
"S28","Soccer",81.4,1.76,0.427,0.249,0.502,0.751,0.646,21.28,24.4,5.252,3.442,59.2,33.4,2.967,-0.332,10255,4528,0.572,7.49
"S29","Soccer",73.5,1.7,0.465,0.283,0.578,0.861,0.758,20.42,24.82,5.738,3.946,63,32.9,3.129,-0.299,6813,3532,0.543,8.47
"S30","Soccer",64.8,1.76,0.433,0.291,0.58,0.871,0.608,19.65,22.06,5.676,4.254,55.8,30.8,2.975,-0.361,8245,3238,0.499,6.22
"S31","Soccer",78.2,1.76,0.381,0.203,0.448,0.651,0.5,22.95,27.76,4.655,3.853,57,34.6,2.797,-0.268,11028,4395,0.586,10.58
"S32","Soccer",76.5,1.83,0.438,0.311,0.7,1.011,0.692,19.14,23.11,5.758,3.781,54.1,30.4,2.976,-0.395,13075,4124,0.438,5.96
"S33","Soccer",85.7,1.92,0.405,0.326,0.506,0.832,0.482,18.02,22.86,5.886,4.129,52,27,2.844,-0.305,23295,5354,0.487,5.75
"S34","Soccer",108.8,1.99,0.415,0.253,0.442,0.695,0.448,20.87,24.84,5.276,3.582,58,33.1,2.963,-0.321,21082,7806,0.598,7.9
"S35","Soccer",83.6,1.86,0.414,0.224,0.498,0.722,0.526,22.09,25.42,4.966,3.183,58.5,34.3,2.908,-0.293,13990,7381,0.574,8.86
"S36","Soccer",86.9,1.93,0.438,0.257,0.448,0.705,0.442,20.96,25.43,5.34,3.87,58.9,34.1,3.01,-0.362,16251,5805,0.623,7.15
"S37","Soccer",71.9,1.77,0.38,0.309,0.512,0.821,0.75,18.49,22.52,5.675,4.138,54.3,26,2.785,-0.365,10248,3551,0.465,6.28
"S38","Soccer",93.9,1.89,0.433,0.247,0.424,0.671,0.596,21.31,23.98,5.261,3.57,61.7,33.7,3.003,-0.302,14831,6735,0.646,8.08
"S39","Soccer",86.1,1.78,0.348,0.301,0.55,0.851,0.568,18.31,21.02,5.471,4.457,47.7,26.5,2.709,-0.38,9420,3635,0.41,5.64
"S40","Soccer",76.1,1.75,0.377,0.315,0.546,0.861,0.534,18.28,24.71,5.715,4.249,48.6,27.9,2.805,-0.462,9747,4576,0.439,5.45
"S41","Soccer",82.8,1.84,0.478,0.283,0.552,0.835,0.6,20.38,24.47,5.722,4.383,59.3,33.9,3.126,-0.391,15890,4273,0.574,6.38
"S42","Soccer",85.7,1.86,0.354,0.254,0.446,0.7,0.46,19.92,23.7,5.075,3.752,49.7,29.1,2.716,-0.303,13439,5447,0.506,7.98
